experiment_name,run_uuid,run_name,status,function,model_arch,n_params,best_val_loss,final_test_loss,hessian_trace,critical_sharpness,grad_cosine_sim,grad_noise_scale,train_per_param
sweep-levy-v3-ratio,008926a4bcb8496aa855fab0c3071a26,trial081_fourier_h12_b2_f20_s1.0_lr6.4e-03_bs256,FINISHED,levy_n20000_k3_ss6_seed42_train,fourier,1129.0,0.556509256362915,0.8859556913375854,13717.6708984375,0.037529964696781645,-0.23940522968769073,0.32747074567579537,7.085916740478299
sweep-franke-v3-ratio,02df8728f1d34de4ad30a168c085f990,trial154_siren_h16_l3_w19_lr8.6e-05_bs64,FINISHED,franke_n20000_k3_ss4_seed42_train,siren,609.0,9.856693941401318e-05,9.578816388966516e-05,1861.2674560546875,0.0010578337112929267,0.28674811124801636,0.0058065940197175375,13.136288998357964
sweep-bukin-v3-ratio,035081166b414be0b7b3700e4f242d79,trial043_fourier_h12_b1_f8_s23.9_lr2.2e-03_bs128,FINISHED,bukin_n20000_k3_ss8_seed42_train,fourier,529.0,2112.950439453125,2092.14208984375,76826.71875,0.22725471547516168,-0.19904184341430664,11673.537335421166,15.122873345935728
sweep-bukin-v3-ratio,03796e6978f44353a2cf76fa9418d38a,trial080_fourier_h12_b1_f12_s3.6_lr1.1e-02_bs64,FINISHED,bukin_n20000_k3_ss8_seed42_train,fourier,625.0,98.98064422607422,102.72648620605469,144816.3125,0.06088839642631247,-0.37236133217811584,3127.1231524539417,12.8
sweep-franke-v3-ratio,03b0a72dd34c475bb617f8cc8b33928e,trial124_siren_h16_l3_w19_lr8.1e-05_bs128,FINISHED,franke_n20000_k3_ss4_seed42_train,siren,609.0,9.395248343935236e-05,9.448733908357099e-05,1012.957275390625,0.0007862337609974054,0.13248980045318604,0.007249860566259643,13.136288998357964
sweep-peaks-v3-ratio,04e00fa74d244dd2913499a6d7b0cceb,trial021_siren_h20_l3_w24_lr7.3e-05_bs256,FINISHED,peaks_n20000_k3_ss5_seed42_train,siren,921.0,0.0039809830486774445,0.00404580170288682,73806.4140625,0.0009537500520580712,-0.12059243768453598,0.0032512916060063006,8.686210640608035
sweep-eggholder-v3-ratio,0605c7f468b54235a732a894af2215bb,trial071_mlp_h12_b2_relu_lr3.3e-03_bs64,FINISHED,eggholder_n20000_k3_ss7_seed42_train,mlp,673.0,22510.43359375,23580.80078125,120048048.0,0.049566471874267146,0.01909271813929081,86939994.78977643,11.887072808320951
sweep-franke-v3-ratio,0619edcc5f624a189057ec8dafca8e7e,trial067_siren_h20_l3_w20_lr1.3e-04_bs32,FINISHED,franke_n20000_k3_ss4_seed42_train,siren,921.0,0.00015743916446808726,0.00017183581076096743,1635.885009765625,0.0028986243222572025,0.26055943965911865,3.068688273530733e-05,8.686210640608035
sweep-ackley-v3-ratio,062b6228297f494a90095e2149f0ef70,trial004_fourier_h16_b1_f16_s7.6_lr1.6e-04_bs64,FINISHED,ackley_n20000_k3_ss5_seed42_train,fourier,1089.0,4.165544509887695,4.168477535247803,719.833740234375,0.22338348543547404,0.18287219107151031,0.08537293393687743,7.3461891643709825
sweep-bukin-v3-ratio,0704a6c41706414981153a09c9bf9e49,trial169_fourier_h12_b1_f16_s2.7_lr2.7e-02_bs64,FINISHED,bukin_n20000_k3_ss8_seed42_train,fourier,721.0,83.71376037597656,133.8448028564453,87433.015625,0.09725407066011399,-0.6605067849159241,3164.1732537517237,11.095700416088766
sweep-franke-v3-ratio,07d795df95274cc7b0a1903a0c471c3a,trial063_siren_h20_l3_w13_lr1.9e-04_bs128,FINISHED,franke_n20000_k3_ss4_seed42_train,siren,921.0,9.856812539510429e-05,0.00010089211718877777,931.6949462890625,0.0012105032765765454,0.14930550754070282,6.581754696207425e-06,8.686210640608035
sweep-bukin-v3-ratio,0867eca973e342bab3231ca5bd8aaed2,trial062_fourier_h12_b1_f12_s10.8_lr6.7e-03_bs256,FINISHED,bukin_n20000_k3_ss8_seed42_train,fourier,625.0,320.609130859375,302.60699462890625,295253.03125,0.20080358284128483,0.09854386746883392,2158.6747414684755,12.8
sweep-bukin-v3-ratio,0aa446e34a344d23b22e4bc78c6f417d,trial075_fourier_h12_b1_f12_s3.5_lr4.7e-03_bs256,FINISHED,bukin_n20000_k3_ss8_seed42_train,fourier,625.0,157.03231811523438,154.61524963378906,427904.1875,0.05862608336359593,0.027187779545783997,1106.4050084110334,12.8
sweep-bukin-v3-ratio,0ad3f77d6f3447849b4ff9881744b921,trial171_fourier_h12_b1_f16_s2.2_lr2.4e-02_bs64,FINISHED,bukin_n20000_k3_ss8_seed42_train,fourier,721.0,44.16280746459961,50.70630645751953,115568.7578125,0.03635809721721754,0.37404245138168335,2155.35536414571,11.095700416088766
sweep-peaks-v3-ratio,0c3d11d6f2f1436eb387587c59ce5bcb,trial041_siren_h20_l3_w26_lr1.1e-04_bs128,FINISHED,peaks_n20000_k3_ss5_seed42_train,siren,921.0,0.004517275840044022,0.005349504761397839,47058.7109375,0.00158775605915495,0.5690428018569946,0.010693477860699971,8.686210640608035
sweep-bukin-v3-ratio,0c400f416d504924aab2ae2461406d63,trial184_fourier_h12_b1_f16_s1.2_lr3.0e-02_bs64,FINISHED,bukin_n20000_k3_ss8_seed42_train,fourier,721.0,13.127859115600586,15.904951095581055,50549.03515625,0.029911794648077607,-0.609929621219635,2232.3608318572324,11.095700416088766
sweep-bukin-v3-ratio,0e2cc2068c7f4cc19a87726f67207d0d,trial129_fourier_h12_b1_f12_s1.8_lr1.6e-02_bs64,FINISHED,bukin_n20000_k3_ss8_seed42_train,fourier,625.0,110.26618957519531,132.7891845703125,188389.578125,0.06751417527009357,0.2864125072956085,2677.870087978648,12.8
sweep-levy-v3-ratio,0f89191845f94f4d99f1e1e375d682ba,trial072_fourier_h12_b2_f20_s1.2_lr6.9e-03_bs256,FINISHED,levy_n20000_k3_ss6_seed42_train,fourier,1129.0,0.5217141509056091,0.5348644256591797,9621.6689453125,0.014130244134059833,0.20646964013576508,0.19100787749154655,7.085916740478299
sweep-bukin-v3-ratio,0ff2419f08a9497cb257e8468bc13e5c,trial158_fourier_h12_b1_f16_s1.0_lr2.5e-02_bs64,FINISHED,bukin_n20000_k3_ss8_seed42_train,fourier,721.0,14.636486053466797,17.6735897064209,52848.515625,0.022918523971384285,0.45388153195381165,1325.0263408341632,11.095700416088766
sweep-franke-v3-ratio,0ffa5172c8144883babfa3685dc9f370,trial082_siren_h20_l3_w14_lr2.2e-04_bs128,FINISHED,franke_n20000_k3_ss4_seed42_train,siren,921.0,9.470860823057592e-05,0.00010464767547091469,892.6040649414062,0.001145686282125842,-0.00014785009261686355,5.994637607499172e-06,8.686210640608035
sweep-ackley-v3-ratio,139b1bb387e148f1937cf0981c14427d,trial101_fourier_h12_b2_f24_s1.9_lr6.3e-03_bs256,FINISHED,ackley_n20000_k3_ss5_seed42_train,fourier,1225.0,0.03845030814409256,0.03603535518050194,1172.213623046875,0.0064878839614613965,0.32300955057144165,0.0009872680016537489,6.530612244897959
sweep-levy-v3-ratio,139f37f029b74520bc6d47ac9b310453,trial065_fourier_h12_b2_f16_s17.6_lr2.9e-03_bs256,FINISHED,levy_n20000_k3_ss6_seed42_train,fourier,1033.0,248.1240997314453,271.9136047363281,11017.9072265625,0.5263212222441955,0.05576162785291672,20.342643390856384,7.744433688286544
sweep-levy-v3-ratio,152b82bc11314585a43329c55d46c93c,trial262_mlp_h12_b2_gelu_lr5.6e-03_bs32,FINISHED,levy_n20000_k3_ss6_seed42_train,mlp,673.0,1.919190526008606,2.826754093170166,11291.0673828125,0.0075300439875329896,0.6998331546783447,147.08189438539188,11.887072808320951
sweep-ackley-v3-ratio,154c8057038c4580a8301c987a57611f,trial013_fourier_h12_b1_f32_s1.1_lr2.4e-02_bs256,FINISHED,ackley_n20000_k3_ss5_seed42_train,fourier,1105.0,0.05896129459142685,0.11055061966180801,1830.44677734375,0.031603397304232825,0.9409713745117188,0.0035399199643858857,7.239819004524887
sweep-bukin-v3-ratio,15f537e68e8145398b46ea756b3c7c8f,trial076_fourier_h12_b1_f12_s6.4_lr6.0e-03_bs64,FINISHED,bukin_n20000_k3_ss8_seed42_train,fourier,625.0,1717.2965087890625,1812.9661865234375,120619.4375,1.319640332409882,-0.48908957839012146,17469.784277966293,12.8
sweep-franke-v3-ratio,1630cf01223c47b3b4770aff9ee8f414,trial075_siren_h20_l3_w12_lr9.5e-05_bs128,FINISHED,franke_n20000_k3_ss4_seed42_train,siren,921.0,9.528476221021265e-05,9.347542800242081e-05,1398.757080078125,0.0007829769732993475,0.7520491480827332,7.251211993206949e-06,8.686210640608035
sweep-ackley-v3-ratio,16448dba17e94f38b90d0023fbff6e94,trial091_fourier_h12_b2_f24_s1.5_lr8.2e-03_bs256,FINISHED,ackley_n20000_k3_ss5_seed42_train,fourier,1225.0,0.031823623925447464,0.03613269329071045,454.15887451171875,0.006655488878387631,0.9377700686454773,0.004163378391101549,6.530612244897959
sweep-eggholder-v3-ratio,17c9f9af603443d69de781c187addc3d,trial060_mlp_h12_b2_relu_lr2.1e-03_bs64,FINISHED,eggholder_n20000_k3_ss7_seed42_train,mlp,673.0,28899.03125,26667.755859375,343078656.0,0.020819797181007307,0.023869959637522697,203528278.47811398,11.887072808320951
sweep-bukin-v3-ratio,17d526cf73d5414a953767332702a205,trial061_fourier_h12_b1_f12_s2.9_lr3.3e-03_bs128,FINISHED,bukin_n20000_k3_ss8_seed42_train,fourier,625.0,778.1807250976562,749.2127075195312,914552.8125,0.12144637021876273,0.33791592717170715,9917.132109460754,12.8
sweep-eggholder-v3-ratio,18592c3d5018491c99d597f5d1241865,trial105_mlp_h12_b2_relu_lr2.5e-03_bs64,FINISHED,eggholder_n20000_k3_ss7_seed42_train,mlp,673.0,27503.880859375,27556.38671875,65955360.0,0.05080315107306671,0.5170289278030396,222631113.7167411,11.887072808320951
sweep-levy-v3-ratio,19273338b2b64bf6ab4d33aa30c7e3ef,trial000_siren_h28_l2_w19_lr2.3e-05_bs128,FINISHED,levy_n20000_k3_ss6_seed42_train,siren,925.0,184.75953674316406,195.63768005371094,1161681.0,0.022339850000484267,0.009217769838869572,26.667810690094644,8.64864864864865
sweep-bukin-v3-ratio,1a81b96778a04aeeafa0521a3561dd0a,trial044_fourier_h12_b1_f8_s24.8_lr2.5e-03_bs128,FINISHED,bukin_n20000_k3_ss8_seed42_train,fourier,529.0,2110.53173828125,2104.523681640625,202768.5625,0.36283674785386644,-0.14097782969474792,14464.813515537291,15.122873345935728
sweep-peaks-v3-ratio,1d2d372acd9b4ce18de6d43d9f3fc0d4,trial003_fourier_h16_b0_f24_s10.6_lr1.4e-04_bs128,FINISHED,peaks_n20000_k3_ss5_seed42_train,fourier,801.0,3.1157288551330566,3.300029993057251,191.24908447265625,1.1771496668357162,0.1210896372795105,0.009091081892071792,9.987515605493133
sweep-eggholder-v3-ratio,1d5a6caccd95440495205c36de4c6af3,trial022_fourier_h12_b1_f8_s1.5_lr2.0e-04_bs128,FINISHED,eggholder_n20000_k3_ss7_seed42_train,fourier,529.0,39169.10546875,38506.0703125,4516942.5,0.40958524787843165,0.25272905826568604,3452201.753549848,15.122873345935728
sweep-franke-v3-ratio,1e6895401477418a9f8cbf38f7c47540,trial051_siren_h20_l3_w18_lr2.5e-04_bs128,FINISHED,franke_n20000_k3_ss4_seed42_train,siren,921.0,0.00010239756375085562,0.00010349918738938868,1185.958740234375,0.0008085321932080532,-0.04119088128209114,2.2127620596899963e-05,8.686210640608035
sweep-franke-v3-ratio,1e91792d1b1f4219b4a284425e2840b0,trial159_siren_h16_l3_w17_lr3.2e-05_bs64,FINISHED,franke_n20000_k3_ss4_seed42_train,siren,609.0,9.20123711694032e-05,9.924559708451852e-05,1639.79833984375,0.0011832029400846503,-0.53204345703125,0.0006434304182596723,13.136288998357964
sweep-bukin-v3-ratio,1ee3e79ffd624bea9ade5c08200c49d0,trial139_fourier_h12_b1_f12_s2.2_lr1.3e-02_bs64,FINISHED,bukin_n20000_k3_ss8_seed42_train,fourier,625.0,9.057340621948242,18.333810806274414,145248.984375,0.027682949829050903,-0.05225176364183426,521.1149522698809,12.8
sweep-peaks-v3-ratio,1f62f467650044e0a2ed72879059afec,trial004_fourier_h16_b1_f16_s7.6_lr1.6e-04_bs64,FINISHED,peaks_n20000_k3_ss5_seed42_train,fourier,1089.0,3.1701748371124268,3.2267980575561523,471.52532958984375,0.3177009570637853,0.010708237998187542,0.04091274637087565,7.3461891643709825
sweep-franke-v3-ratio,1fa5097317ab4e7c93e0fc79d64430b4,trial088_siren_h20_l3_w24_lr3.8e-04_bs128,FINISHED,franke_n20000_k3_ss4_seed42_train,siren,921.0,0.00011762134818127379,0.00013590465823654085,3193.4873046875,0.0009240060174259693,0.43277159333229065,3.434311748388711e-05,8.686210640608035
sweep-franke-v3-ratio,1fc5e4b711a94d60830c3551390fd9b8,trial059_siren_h20_l3_w10_lr2.7e-04_bs128,FINISHED,franke_n20000_k3_ss4_seed42_train,siren,921.0,9.90701955743134e-05,9.808131289901212e-05,927.2283325195312,0.0011718084795944786,0.6999717950820923,7.1475381156168315e-06,8.686210640608035
sweep-bukin-v3-ratio,20510679fe8b45a383ed9c24f9199b28,trial094_fourier_h12_b1_f12_s3.7_lr5.4e-03_bs64,FINISHED,bukin_n20000_k3_ss8_seed42_train,fourier,625.0,121.15504455566406,117.94927215576172,288000.46875,0.20987346920763036,0.06658313423395157,4378.263930998336,12.8
sweep-levy-v3-ratio,20ded36edea44115a15bb295a5e8c7c3,trial073_fourier_h12_b2_f20_s1.0_lr6.8e-03_bs256,FINISHED,levy_n20000_k3_ss6_seed42_train,fourier,1129.0,0.429127037525177,0.46410802006721497,5437.82177734375,0.017755368305548237,0.20818930864334106,0.09322041595291981,7.085916740478299
sweep-levy-v3-ratio,20e34576040c4859a02b02fb8f1c34ff,trial199_mlp_h12_b2_gelu_lr2.4e-02_bs256,FINISHED,levy_n20000_k3_ss6_seed42_train,mlp,673.0,1.741334080696106,2.5145773887634277,27499.740234375,0.011991129738892065,0.9493975043296814,16.638023311262884,11.887072808320951
sweep-levy-v3-ratio,2191e60aac3f44079e8579e293ad8c68,trial170_fourier_h12_b1_f8_s1.0_lr2.3e-02_bs256,FINISHED,levy_n20000_k3_ss6_seed42_train,fourier,529.0,1.2920327186584473,1.5911787748336792,5508.19482421875,0.07616287825993792,-0.005237439647316933,1.6088292395963544,15.122873345935728
sweep-eggholder-v3-ratio,21afda70108b4d89890db59cea1332dc,trial026_fourier_h24_b0_f8_s12.3_lr2.4e-04_bs128,FINISHED,eggholder_n20000_k3_ss7_seed42_train,fourier,433.0,91123.984375,85892.46875,9672.693359375,1.0018742689082398,0.19552971422672272,3718.993898477875,18.475750577367204
sweep-peaks-v3-ratio,21e1c54b99fe440c8e644ba8caf31c9d,trial058_siren_h24_l3_w21_lr8.7e-05_bs64,FINISHED,peaks_n20000_k3_ss5_seed42_train,siren,1297.0,0.004272138699889183,0.004489555489271879,32009.900390625,0.0021874535728486923,0.14256566762924194,0.004454518078798777,6.168080185042405
sweep-bukin-v3-ratio,226760ef85804400b81d3b49308961cf,trial167_fourier_h12_b1_f16_s1.1_lr2.6e-02_bs64,FINISHED,bukin_n20000_k3_ss8_seed42_train,fourier,721.0,7.165517807006836,7.475063323974609,38360.1328125,0.007184390105164012,-0.2872539162635803,1802.1184549252634,11.095700416088766
sweep-bukin-v3-ratio,2276fa580b4048779fa3524992e4e7b6,trial087_fourier_h12_b1_f12_s3.7_lr5.7e-03_bs256,FINISHED,bukin_n20000_k3_ss8_seed42_train,fourier,625.0,45.48047637939453,43.617408752441406,503949.1875,0.04199173012088407,-0.22525115311145782,310.39558776293006,12.8
sweep-eggholder-v3-ratio,233287fd307e4559ac2f54097ff8eaba,trial037_fourier_h12_b0_f32_s15.1_lr7.2e-04_bs128,FINISHED,eggholder_n20000_k3_ss7_seed42_train,fourier,793.0,83739.484375,80586.0078125,101364.65625,1.4727128031901373,-0.12603409588336945,36946.5656144794,10.08827238335435
sweep-eggholder-v3-ratio,26f7e6ed5cc44a7f95478ca516a376f9,trial096_mlp_h12_b2_relu_lr2.8e-03_bs64,FINISHED,eggholder_n20000_k3_ss7_seed42_train,mlp,673.0,35044.96875,35188.328125,25474006.0,0.13419813028632505,0.36043694615364075,82066600.67351726,11.887072808320951
sweep-eggholder-v3-ratio,285f9426323d4dd6a44402baceb11aa8,trial102_mlp_h12_b2_relu_lr3.3e-03_bs64,FINISHED,eggholder_n20000_k3_ss7_seed42_train,mlp,673.0,29161.318359375,28832.154296875,158821296.0,0.10834500360098959,-0.5589726567268372,107370516.82217848,11.887072808320951
sweep-eggholder-v3-ratio,28efdf8119d94ec8ba7ed2983e99c093,trial051_fourier_h24_b0_f8_s3.7_lr1.4e-04_bs64,FINISHED,eggholder_n20000_k3_ss7_seed42_train,fourier,433.0,84007.2734375,80526.59375,3548.489501953125,1.1568784458931933,-0.17114439606666565,13315.73893248672,18.475750577367204
sweep-eggholder-v3-ratio,29e283820ab04a6093948058f5a9ef6f,trial074_mlp_h12_b2_relu_lr4.6e-03_bs64,FINISHED,eggholder_n20000_k3_ss7_seed42_train,mlp,673.0,28913.076171875,28136.66796875,128046488.0,0.02353569182085048,0.26766395568847656,202469416.9097528,11.887072808320951
sweep-peaks-v3-ratio,2acc88854f794e6b929c9c5530829228,trial018_siren_h20_l3_w23_lr4.2e-05_bs256,FINISHED,peaks_n20000_k3_ss5_seed42_train,siren,921.0,0.0043770791962742805,0.004430548287928104,86884.5,0.0011220273988546857,0.30833005905151367,0.0032827979713268194,8.686210640608035
sweep-bukin-v3-ratio,2ca7e1d0f0594468bab26069a473af55,trial174_fourier_h12_b1_f16_s1.0_lr2.7e-02_bs64,FINISHED,bukin_n20000_k3_ss8_seed42_train,fourier,721.0,10.623030662536621,16.349817276000977,230477.296875,0.016030603044292664,-0.6156764030456543,2233.9216084785485,11.095700416088766
sweep-eggholder-v3-ratio,2cf1c0b82fe34101ac4db5c4b3a35434,trial157_mlp_h12_b2_relu_lr5.0e-03_bs64,FINISHED,eggholder_n20000_k3_ss7_seed42_train,mlp,673.0,38909.953125,38243.359375,19308510.0,0.054720607783244224,0.10934419929981232,58193212.56174398,11.887072808320951
sweep-bukin-v3-ratio,2e1ba77755914369b7f71c7a5b9de79e,trial110_fourier_h12_b1_f12_s2.3_lr1.8e-02_bs64,FINISHED,bukin_n20000_k3_ss8_seed42_train,fourier,625.0,29.56033706665039,31.986093521118164,134068.578125,0.1168770964158275,0.8907874226570129,1479.3907894262727,12.8
sweep-ackley-v3-ratio,2fccb49011b84ec999fda0deff501ca7,trial051_fourier_h12_b2_f8_s2.4_lr7.7e-03_bs256,FINISHED,ackley_n20000_k3_ss5_seed42_train,fourier,841.0,0.07254695892333984,0.07033143192529678,990.929443359375,0.009663171710985902,0.2934417128562927,0.007047468730707943,9.512485136741974
sweep-bukin-v3-ratio,3096fabbf88348a99d305ba2d0f5a355,trial173_fourier_h12_b1_f16_s1.3_lr2.6e-02_bs64,FINISHED,bukin_n20000_k3_ss8_seed42_train,fourier,721.0,11.723950386047363,49.16272735595703,142715.3125,0.04019815219196597,0.9622646570205688,1647.5302378573606,11.095700416088766
sweep-eggholder-v3-ratio,309991c3f8204ee998a576ad7db9b72e,trial056_mlp_h12_b2_relu_lr2.4e-03_bs64,FINISHED,eggholder_n20000_k3_ss7_seed42_train,mlp,673.0,38333.765625,35906.0625,96397520.0,0.031380960948587576,-0.31945180892944336,93611381.65995607,11.887072808320951
sweep-bukin-v3-ratio,3153b01ed590481190419b6d1dbc0ef2,trial034_fourier_h12_b1_f16_s22.6_lr3.4e-03_bs32,FINISHED,bukin_n20000_k3_ss8_seed42_train,fourier,721.0,416.9718933105469,408.527099609375,548697.6875,0.283665269665093,0.04282649606466293,16421.581788199317,11.095700416088766
sweep-bukin-v3-ratio,32c40f73185a49ab981101f2dd5f333b,trial157_fourier_h12_b1_f16_s1.6_lr2.6e-02_bs64,FINISHED,bukin_n20000_k3_ss8_seed42_train,fourier,721.0,8.97640323638916,20.226240158081055,72828.9765625,0.021834750674761327,-0.9284214377403259,1399.5923416218482,11.095700416088766
sweep-ackley-v3-ratio,3342befd47e24c64a5831a534045c123,trial096_fourier_h12_b2_f24_s2.7_lr8.5e-03_bs256,FINISHED,ackley_n20000_k3_ss5_seed42_train,fourier,1225.0,0.03836660087108612,0.040427956730127335,2732.431884765625,0.012707072134207194,-0.4480378329753876,0.001264974274293833,6.530612244897959
sweep-franke-v3-ratio,33530175bf9c4d9c93229a6cf12ae1b3,trial120_siren_h16_l3_w18_lr1.2e-04_bs128,FINISHED,franke_n20000_k3_ss4_seed42_train,siren,609.0,9.395613597007468e-05,0.0001134701378759928,2779.97412109375,0.0008637380731216346,0.3513886034488678,0.021521586811622542,13.136288998357964
sweep-bukin-v3-ratio,3494c1e3fa654b32aea1595d9d8a8e17,trial084_fourier_h12_b1_f12_s5.6_lr5.8e-03_bs256,FINISHED,bukin_n20000_k3_ss8_seed42_train,fourier,625.0,39.922019958496094,37.53757858276367,375743.46875,0.03183923629854667,-0.6750034689903259,633.883743805706,12.8
sweep-bukin-v3-ratio,36de1c3757ba41b8b9ac4d61a834b2be,trial136_fourier_h12_b1_f12_s1.5_lr1.8e-02_bs64,FINISHED,bukin_n20000_k3_ss8_seed42_train,fourier,625.0,28.891265869140625,53.1851921081543,189750.953125,0.04782204221766065,-0.8090180158615112,1094.1087083485318,12.8
sweep-franke-v3-ratio,379b22bb30694591ab2feca2f54b9b2d,trial060_fourier_h20_b0_f32_s22.9_lr1.0e-03_bs64,FINISHED,franke_n20000_k3_ss4_seed42_train,fourier,1321.0,0.0859231948852539,0.08553669601678848,36.39393615722656,0.4432667866459449,0.023468829691410065,7.383336509347192e-05,6.056018168054504
sweep-levy-v3-ratio,38953672ed73417eb666a327fc3f3208,trial052_fourier_h12_b2_f8_s1.1_lr4.4e-03_bs256,FINISHED,levy_n20000_k3_ss6_seed42_train,fourier,841.0,1.5577689409255981,1.5176756381988525,14922.2470703125,0.06754501573507637,0.4862702190876007,1.0285956172752557,9.512485136741974
sweep-franke-v3-ratio,39e7ef53f9cb42e49cb55fb0a58f18de,trial054_siren_h20_l4_w17_lr3.4e-04_bs128,FINISHED,franke_n20000_k3_ss4_seed42_train,siren,1341.0,0.00013409538951236755,0.00014529237523674965,1805.9764404296875,0.001398194771272606,-0.09467019140720367,1.2885265779952523e-05,5.965697240865026
sweep-levy-v3-ratio,3abd84e88ea34879a3d330a9bb54999e,trial248_mlp_h12_b2_gelu_lr6.2e-03_bs32,FINISHED,levy_n20000_k3_ss6_seed42_train,mlp,673.0,1.8855623006820679,2.799217462539673,30665.427734375,0.02496759136899541,-0.7713568806648254,79.2465346620286,11.887072808320951
sweep-bukin-v3-ratio,3b109551cd86440b85cffb84276c462c,trial165_fourier_h12_b1_f16_s1.1_lr2.7e-02_bs64,FINISHED,bukin_n20000_k3_ss8_seed42_train,fourier,721.0,12.210866928100586,23.925682067871094,63726.76171875,0.02468096832932508,-0.9022818207740784,1705.8256039108737,11.095700416088766
sweep-franke-v3-ratio,3b614dcc4f37401d82fea72463511c7b,trial158_siren_h16_l3_w16_lr4.7e-05_bs64,FINISHED,franke_n20000_k3_ss4_seed42_train,siren,609.0,9.07769936020486e-05,9.338181553175673e-05,2423.9755859375,0.0012439106476471908,-0.277596652507782,0.0005824452543861781,13.136288998357964
sweep-franke-v3-ratio,3be981044321485c9b1c3790040870bf,trial004_fourier_h16_b1_f16_s7.6_lr1.6e-04_bs64,FINISHED,franke_n20000_k3_ss4_seed42_train,fourier,1089.0,0.055125944316387177,0.052602000534534454,85.5855712890625,0.0645330069035814,-0.01729508675634861,6.517563398421343e-05,7.3461891643709825
sweep-franke-v3-ratio,3ef3c86df1d04790988c89ea41e4053d,trial179_siren_h16_l3_w12_lr1.3e-04_bs128,FINISHED,franke_n20000_k3_ss4_seed42_train,siren,609.0,8.920818800106645e-05,9.371877240482718e-05,561.583251953125,0.0005534593715669532,-0.009721246547996998,0.004762797436007493,13.136288998357964
sweep-bukin-v3-ratio,41c62f667f934839962763fccfc3ff92,trial046_fourier_h12_b1_f8_s6.6_lr2.7e-03_bs128,FINISHED,bukin_n20000_k3_ss8_seed42_train,fourier,529.0,556.6536865234375,556.6094970703125,260157.875,0.10098235963770327,0.12611310184001923,8053.231410719919,15.122873345935728
sweep-eggholder-v3-ratio,41d6a9391b5647498b0cf11830e04e40,trial033_fourier_h24_b0_f8_s13.6_lr5.0e-04_bs128,FINISHED,eggholder_n20000_k3_ss7_seed42_train,fourier,433.0,92055.9140625,86985.0078125,-223.79727172851562,1.0249070415683101,0.4493527412414551,128.4293676685124,18.475750577367204
sweep-ackley-v3-ratio,42ac4779bd294f4193fcfb4ebdae678b,trial092_fourier_h12_b2_f24_s1.7_lr8.3e-03_bs256,FINISHED,ackley_n20000_k3_ss5_seed42_train,fourier,1225.0,0.03296066075563431,0.03821003437042236,956.8150024414062,0.005930729918099406,-0.21535664796829224,0.001541222350316189,6.530612244897959
sweep-franke-v3-ratio,45c24c28d7f1405bb51dcd0abcdb7247,trial002_fourier_h12_b2_f8_s3.6_lr3.1e-04_bs128,FINISHED,franke_n20000_k3_ss4_seed42_train,fourier,841.0,0.05278909206390381,0.05199000984430313,45.90409469604492,0.031194173678065467,-0.3458094894886017,4.649533759727671e-05,9.512485136741974
sweep-franke-v3-ratio,45c435da844647779e114e5c62f81b18,trial132_siren_h16_l3_w19_lr1.0e-04_bs128,FINISHED,franke_n20000_k3_ss4_seed42_train,siren,609.0,9.962458716472611e-05,0.00011156716209370643,1546.07275390625,0.00123990387257956,-0.0745246633887291,0.008833541598822107,13.136288998357964
sweep-peaks-v3-ratio,466f70c6d02943d9b023ee46b8d6d072,trial062_siren_h20_l3_w22_lr5.9e-05_bs128,FINISHED,peaks_n20000_k3_ss5_seed42_train,siren,921.0,0.004149699117988348,0.004277462139725685,50631.390625,0.0016524137485692922,0.13571597635746002,0.005103842236928936,8.686210640608035
sweep-eggholder-v3-ratio,47a24e87afa04aa3889c1610f2821d23,trial167_mlp_h12_b2_relu_lr3.6e-03_bs64,FINISHED,eggholder_n20000_k3_ss7_seed42_train,mlp,673.0,20453.3203125,20300.306640625,122540408.0,0.05908091080312082,0.07375551015138626,143809395.72303286,11.887072808320951
sweep-ackley-v3-ratio,47ef1bb43e9e42f687addc64e2860249,trial071_fourier_h12_b2_f16_s1.8_lr1.7e-02_bs256,FINISHED,ackley_n20000_k3_ss5_seed42_train,fourier,1033.0,0.0598834753036499,0.06208502873778343,1046.507568359375,0.01247804602109694,-0.5115746259689331,0.0029884407476224004,7.744433688286544
sweep-levy-v3-ratio,498113f71d824b44822ffb560bfe6b40,trial002_fourier_h12_b2_f8_s3.6_lr3.1e-04_bs128,FINISHED,levy_n20000_k3_ss6_seed42_train,fourier,841.0,110.61677551269531,104.79901123046875,68885.34375,0.14924271328329358,0.05063602328300476,209.1209143408835,9.512485136741974
sweep-eggholder-v3-ratio,49fed042e0484c83be4bcca71e7d9848,trial055_mlp_h12_b2_relu_lr2.7e-03_bs64,FINISHED,eggholder_n20000_k3_ss7_seed42_train,mlp,673.0,24243.33984375,24100.853515625,91248672.0,0.02163162309012048,0.1694965660572052,124322546.58755295,11.887072808320951
sweep-bukin-v3-ratio,4a365c394f34478db2804d522615cd15,trial115_fourier_h12_b1_f12_s2.2_lr1.7e-02_bs64,FINISHED,bukin_n20000_k3_ss8_seed42_train,fourier,625.0,22.78955841064453,60.56928634643555,115868.71875,0.05997113858023906,0.5596533417701721,1274.9171460060559,12.8
sweep-bukin-v3-ratio,4ae619b8f4a643c29a647f1cbf2ebfd0,trial059_fourier_h12_b1_f12_s10.4_lr6.8e-03_bs256,FINISHED,bukin_n20000_k3_ss8_seed42_train,fourier,625.0,484.8332824707031,509.72735595703125,422949.65625,0.06586667734519802,0.2522246539592743,3493.3006452005698,12.8
sweep-franke-v3-ratio,4b344a80cd0343b79bd5771f83740af2,trial065_siren_h20_l3_w10_lr1.3e-04_bs32,FINISHED,franke_n20000_k3_ss4_seed42_train,siren,921.0,9.507224604021758e-05,0.0001040199858834967,283.1281433105469,0.0021713377554462513,0.42963749170303345,9.328783594365082e-06,8.686210640608035
sweep-levy-v3-ratio,4b5d11c5d1124974ae5e110b42bd48d5,trial085_fourier_h12_b2_f20_s1.0_lr2.2e-02_bs256,FINISHED,levy_n20000_k3_ss6_seed42_train,fourier,1129.0,0.8178392648696899,1.335261344909668,2051.164306640625,0.050522221196035305,-0.618324875831604,0.882175657225435,7.085916740478299
sweep-ackley-v3-ratio,4e6bf91b70ae4b03b5bcab29806f2521,trial093_fourier_h12_b2_f24_s2.8_lr8.2e-03_bs256,FINISHED,ackley_n20000_k3_ss5_seed42_train,fourier,1225.0,0.041724372655153275,0.0574931763112545,1345.1024169921875,0.0168853618866389,0.8750180006027222,0.002478851631573814,6.530612244897959
sweep-ackley-v3-ratio,4e705dc656954fa28b411652538586be,trial041_fourier_h12_b2_f8_s1.0_lr6.6e-03_bs256,FINISHED,ackley_n20000_k3_ss5_seed42_train,fourier,841.0,0.05936034396290779,0.060365550220012665,1277.858642578125,0.02568567813940091,0.7990604639053345,0.003773146931225359,9.512485136741974
sweep-franke-v3-ratio,4eae370705064b658676060510871261,trial030_siren_h28_l2_w36_lr2.6e-05_bs128,FINISHED,franke_n20000_k3_ss4_seed42_train,siren,925.0,0.00011841257219202816,0.00011094156798208132,15328.58203125,0.000773380653323863,0.24560178816318512,3.152591265128287e-05,8.64864864864865
sweep-eggholder-v3-ratio,4ed8a2cd3912439bae6aadd7b3aa3466,trial063_mlp_h12_b2_relu_lr2.0e-03_bs64,FINISHED,eggholder_n20000_k3_ss7_seed42_train,mlp,673.0,30570.51171875,30565.84375,52263020.0,0.05002216296556575,-0.3514259457588196,167446048.77996135,11.887072808320951
sweep-bukin-v3-ratio,4fd703e046b24dddb8611a674828f729,trial128_fourier_h12_b1_f12_s2.7_lr1.3e-02_bs64,FINISHED,bukin_n20000_k3_ss8_seed42_train,fourier,625.0,10.731942176818848,11.692366600036621,144542.296875,0.016803913858424356,-0.3861578702926636,699.60540753339,12.8
sweep-bukin-v3-ratio,50536793eb474f7ab078708ce8c79e90,trial180_fourier_h12_b1_f16_s1.6_lr2.7e-02_bs64,FINISHED,bukin_n20000_k3_ss8_seed42_train,fourier,721.0,12.462661743164062,30.407135009765625,75588.7109375,0.0309974787756046,0.9497713446617126,1840.4926763811434,11.095700416088766
sweep-ackley-v3-ratio,52dc7faf4b6a4abd8481385ee4a7cf73,trial031_fourier_h12_b2_f8_s1.1_lr4.7e-03_bs256,FINISHED,ackley_n20000_k3_ss5_seed42_train,fourier,841.0,0.06535161286592484,0.06902213394641876,1282.396728515625,0.02052684430639349,-0.13394074141979218,0.000813896807704604,9.512485136741974
sweep-peaks-v3-ratio,537dfb091a78425baac7a354fef1a5e6,trial002_fourier_h12_b2_f8_s3.6_lr3.1e-04_bs128,FINISHED,peaks_n20000_k3_ss5_seed42_train,fourier,841.0,1.8848620653152466,1.9953662157058716,1606.52783203125,0.10275727799833329,0.08082343637943268,0.0452116069598032,9.512485136741974
sweep-eggholder-v3-ratio,53b1b3e0ca9542bda0f8458562fb04c5,trial028_fourier_h24_b0_f8_s12.0_lr3.0e-04_bs128,FINISHED,eggholder_n20000_k3_ss7_seed42_train,fourier,433.0,91395.2265625,86538.171875,5393.60107421875,1.2374319546944414,0.07492142170667648,3613.9387999918654,18.475750577367204
sweep-bukin-v3-ratio,5522f7b49fa64d1baf48118faf3904b5,trial176_fourier_h12_b1_f16_s1.2_lr2.8e-02_bs64,FINISHED,bukin_n20000_k3_ss8_seed42_train,fourier,721.0,11.617012977600098,16.00165557861328,131543.984375,0.02378144553190875,-0.405097633600235,1247.9089305295824,11.095700416088766
sweep-peaks-v3-ratio,5675030e0acf42f5986170b88eae048d,trial017_siren_h20_l3_w26_lr1.0e-04_bs128,FINISHED,peaks_n20000_k3_ss5_seed42_train,siren,921.0,0.004405644256621599,0.004954550415277481,93575.125,0.0015636715990687846,0.47810497879981995,0.010237998674221867,8.686210640608035
sweep-bukin-v3-ratio,5abd50bebba34a1384b8411077a72474,trial135_fourier_h12_b1_f12_s1.5_lr2.5e-02_bs64,FINISHED,bukin_n20000_k3_ss8_seed42_train,fourier,625.0,111.33145904541016,122.33317565917969,272590.96875,0.03331169793689337,-0.6176185607910156,4381.504797751953,12.8
sweep-eggholder-v3-ratio,5b670bf2fae34a4ebf9152af1c79f1ce,trial032_fourier_h24_b0_f8_s11.9_lr4.3e-04_bs128,FINISHED,eggholder_n20000_k3_ss7_seed42_train,fourier,433.0,86142.7734375,81195.5859375,11855.5751953125,1.765869247757858,-0.23349466919898987,12831.976955489443,18.475750577367204
sweep-eggholder-v3-ratio,5c723a44252943989e031857e8db9fb8,trial038_fourier_h12_b0_f32_s15.1_lr8.8e-04_bs128,FINISHED,eggholder_n20000_k3_ss7_seed42_train,fourier,793.0,72410.3125,69542.9765625,22136.740234375,1.793857818662859,0.07345651835203171,23153.623029213573,10.08827238335435
sweep-franke-v3-ratio,5c7f1bf9d4d447cba81ec9821518e0df,trial071_siren_h20_l3_w10_lr1.6e-04_bs128,FINISHED,franke_n20000_k3_ss4_seed42_train,siren,921.0,9.323511767433956e-05,0.00010510440188227221,672.2713012695312,0.0011448397701176497,0.6360946893692017,5.900503079780469e-06,8.686210640608035
sweep-ackley-v3-ratio,5c919e25beb74e9fb0b454406603f46b,trial086_fourier_h12_b2_f32_s21.8_lr9.4e-03_bs256,FINISHED,ackley_n20000_k3_ss5_seed42_train,fourier,1417.0,6.297347068786621,7.887104034423828,1129.179443359375,0.06021862518764219,0.6050145626068115,0.07140618661386514,5.6457304163726185
sweep-bukin-v3-ratio,5d4e8fc053fc4e7e91218bd09795e71d,trial126_fourier_h12_b1_f12_s2.1_lr1.5e-02_bs64,FINISHED,bukin_n20000_k3_ss8_seed42_train,fourier,625.0,83.2118911743164,92.82560729980469,77690.6953125,0.035423305062056334,-0.5361639261245728,2459.2439730253436,12.8
sweep-franke-v3-ratio,5e079f90c37c4c469e7aa3afb3b6c702,trial024_siren_h20_l4_w34_lr2.3e-04_bs128,FINISHED,franke_n20000_k3_ss4_seed42_train,siren,1341.0,0.0005234614363871515,0.0007103225216269493,6811.79150390625,0.0037568248096325565,0.2573623061180115,0.00010691512206071475,5.965697240865026
sweep-franke-v3-ratio,5e1e45162b0e4e15aa6bb20798ee07fe,trial017_siren_h20_l3_w26_lr1.0e-04_bs128,FINISHED,franke_n20000_k3_ss4_seed42_train,siren,921.0,0.00013775244588032365,0.0001401737390551716,6436.85546875,0.00101638653939471,0.19152727723121643,2.7227680440870202e-05,8.686210640608035
sweep-franke-v3-ratio,5eea6b6507f844efa1ce9863ec1a4e34,trial021_siren_h20_l3_w29_lr8.7e-05_bs128,FINISHED,franke_n20000_k3_ss4_seed42_train,siren,921.0,0.0001251939538633451,0.0001288044877583161,2316.5341796875,0.0007163850004344367,0.6718407869338989,2.9056147954454956e-05,8.686210640608035
sweep-peaks-v3-ratio,5f31eec4544d4987bb5519e1d0e83cfa,trial063_siren_h20_l3_w19_lr4.8e-05_bs64,FINISHED,peaks_n20000_k3_ss5_seed42_train,siren,921.0,0.0040504117496311665,0.004064710810780525,45620.35546875,0.0017384969895884107,-0.0732848197221756,0.007053120576998769,8.686210640608035
sweep-bukin-v3-ratio,608ca27e13bc4dd4a50833dd14b34c57,trial105_fourier_h12_b1_f12_s4.1_lr1.2e-02_bs64,FINISHED,bukin_n20000_k3_ss8_seed42_train,fourier,625.0,338.4541320800781,376.98834228515625,400182.875,0.08215579259284303,-0.08134974539279938,8673.098785878923,12.8
sweep-bukin-v3-ratio,60b02b86f9cc4f65959e2655f6823ea2,trial148_fourier_h12_b1_f16_s4.7_lr2.1e-02_bs64,FINISHED,bukin_n20000_k3_ss8_seed42_train,fourier,721.0,41.97150802612305,49.215633392333984,142883.9375,0.09628142714557637,-0.8039999008178711,1692.075883195687,11.095700416088766
sweep-bukin-v3-ratio,60ebccd3703a433fbd5b3e68b0df6b01,trial163_fourier_h12_b1_f16_s1.0_lr2.7e-02_bs64,FINISHED,bukin_n20000_k3_ss8_seed42_train,fourier,721.0,21.0725040435791,51.13236999511719,486517.34375,0.047420414643726636,0.8707077503204346,1818.072106760708,11.095700416088766
sweep-levy-v3-ratio,62046443663842209277ef2941abe5ad,trial062_fourier_h12_b2_f16_s1.1_lr6.7e-03_bs256,FINISHED,levy_n20000_k3_ss6_seed42_train,fourier,1033.0,0.642681896686554,0.691666841506958,18113.34765625,0.017555915605079506,0.7240518927574158,0.47754667572779785,7.744433688286544
sweep-bukin-v3-ratio,6213dbc2004b48909bbee1067b834526,trial003_fourier_h12_b2_f8_s3.6_lr3.1e-04_bs128,FINISHED,bukin_n20000_k3_ss8_seed42_train,fourier,841.0,528.7462158203125,536.1644897460938,766143.5625,0.05871844457047617,0.08769185841083527,7308.213896043871,9.512485136741974
sweep-franke-v3-ratio,631c0e7c86b343b7a4fd252c165dab9b,trial138_siren_h16_l3_w15_lr1.1e-04_bs128,FINISHED,franke_n20000_k3_ss4_seed42_train,siren,609.0,9.713839244795963e-05,0.00010208238381892443,1342.3297119140625,0.0008746683906515932,-0.31713250279426575,0.0206847843049429,13.136288998357964
sweep-levy-v3-ratio,63aa9d76a36d4539b57c9bb4b6519449,trial056_fourier_h12_b2_f32_s27.4_lr1.6e-02_bs256,FINISHED,levy_n20000_k3_ss6_seed42_train,fourier,1417.0,252.00057983398438,349.7185363769531,9035.822265625,0.8132887135545841,0.008507110178470612,19.844532845620133,5.6457304163726185
sweep-peaks-v3-ratio,63b05b1fb2314011b2caed214f046b27,trial042_siren_h20_l3_w23_lr4.0e-05_bs128,FINISHED,peaks_n20000_k3_ss5_seed42_train,siren,921.0,0.004050418268889189,0.00408500200137496,72167.4296875,0.001984462188953118,0.32201406359672546,0.0050385538626373785,8.686210640608035
sweep-bukin-v3-ratio,647ebb003ba54f0bb50df4c072ec40ae,trial179_fourier_h12_b1_f16_s1.8_lr3.0e-02_bs64,FINISHED,bukin_n20000_k3_ss8_seed42_train,fourier,721.0,44.78688049316406,64.34707641601562,47861.95703125,0.025153415677473326,-0.1999153196811676,2621.1079901607795,11.095700416088766
sweep-franke-v3-ratio,6489b9c0f78a4da5964a62c20b2564a3,trial160_siren_h16_l3_w16_lr2.9e-05_bs64,FINISHED,franke_n20000_k3_ss4_seed42_train,siren,609.0,9.918612340698019e-05,9.347707964479923e-05,1183.9144287109375,0.0009661859920235226,-0.3590749204158783,0.0006147055017187217,13.136288998357964
sweep-bukin-v3-ratio,65efb8c9991c496b8f970a0f068b4d21,trial041_fourier_h16_b0_f16_s26.8_lr1.6e-02_bs32,FINISHED,bukin_n20000_k3_ss8_seed42_train,fourier,545.0,2193.512451171875,2220.135009765625,9781.001953125,4.862625666209702,0.23041382431983948,2286.6069216628152,14.678899082568808
sweep-eggholder-v3-ratio,674337c2daad4715a2a278179cccbfcd,trial106_mlp_h12_b2_relu_lr2.3e-03_bs64,FINISHED,eggholder_n20000_k3_ss7_seed42_train,mlp,673.0,19644.01171875,18895.685546875,245851136.0,0.03439502910747739,0.2739606201648712,264432764.02018,11.887072808320951
sweep-franke-v3-ratio,674a9f5fd5ea457889116c697d2c863f,trial081_siren_h20_l3_w10_lr1.7e-04_bs128,FINISHED,franke_n20000_k3_ss4_seed42_train,siren,921.0,0.00010326237679691985,0.00010750050569185987,2663.271728515625,0.0011588179913059188,0.12717796862125397,7.4412895942861035e-06,8.686210640608035
sweep-franke-v3-ratio,6859e7238c254fa688967d595e6d8ac8,trial069_mlp_h12_b4_gelu_lr8.7e-03_bs32,FINISHED,franke_n20000_k3_ss4_seed42_train,mlp,1297.0,0.0001223008439410478,0.00015814497601240873,5.0693745613098145,0.010031354473428542,-0.5620802044868469,2.479268641432619e-07,6.168080185042405
sweep-franke-v3-ratio,69029ffa2ada402bbecbf7edeadcc780,trial028_siren_h24_l3_w41_lr1.2e-04_bs32,FINISHED,franke_n20000_k3_ss4_seed42_train,siren,1297.0,0.00015014753444120288,0.0001662775466684252,2183.18115234375,0.00336132440098279,0.014949849806725979,1.5398613406685896e-05,6.168080185042405
sweep-bukin-v3-ratio,6a6f807f1c0647f3af90f8bc125b82e7,trial117_fourier_h12_b1_f12_s1.7_lr2.9e-02_bs64,FINISHED,bukin_n20000_k3_ss8_seed42_train,fourier,625.0,248.6113739013672,250.56179809570312,341632.84375,0.035686768561251886,0.5475106239318848,8395.59410255292,12.8
sweep-franke-v3-ratio,6a98eaa2a1a149cf857a4b509e0bbb73,trial000_siren_h28_l2_w19_lr2.3e-05_bs128,FINISHED,franke_n20000_k3_ss4_seed42_train,siren,925.0,9.155257430393249e-05,9.148044773610309e-05,4574.0146484375,0.0007446616666828089,0.49366915225982666,4.379587130898637e-06,8.64864864864865
sweep-eggholder-v3-ratio,6ab05ba1403f42e39abdfe04f208bbef,trial155_mlp_h12_b2_relu_lr3.4e-03_bs64,FINISHED,eggholder_n20000_k3_ss7_seed42_train,mlp,673.0,18309.15234375,18082.052734375,213221536.0,0.0295474057471351,0.19729048013687134,228558319.18448523,11.887072808320951
sweep-bukin-v3-ratio,6ad7790fbf51458198e4350aa377111b,trial001_siren_h28_l2_w19_lr2.3e-05_bs128,FINISHED,bukin_n20000_k3_ss8_seed42_train,siren,925.0,100246.015625,99177.0234375,56337360.0,1.5250670933663926,0.9999983310699463,12195.146648134945,8.64864864864865
sweep-eggholder-v3-ratio,6aebeb9f90b24ee1b36bc22b48a7fc7e,trial094_mlp_h12_b2_relu_lr2.7e-03_bs64,FINISHED,eggholder_n20000_k3_ss7_seed42_train,mlp,673.0,27737.302734375,27518.42578125,72963552.0,0.05245474980151245,-0.02850775234401226,146866356.09756273,11.887072808320951
sweep-bukin-v3-ratio,6c3cf401f42f420a9231b9c105409dbc,trial083_fourier_h12_b1_f12_s10.5_lr3.7e-03_bs256,FINISHED,bukin_n20000_k3_ss8_seed42_train,fourier,625.0,318.2627868652344,342.01556396484375,501029.71875,0.2165185044317901,-0.20067204535007477,1858.3522582821772,12.8
sweep-franke-v3-ratio,6e32d392f81e4a7b8e1e96c7ef26e101,trial083_siren_h20_l3_w15_lr2.3e-04_bs128,FINISHED,franke_n20000_k3_ss4_seed42_train,siren,921.0,0.0001014238441712223,9.842571307672188e-05,790.4187622070312,0.0013029656903087296,0.21780729293823242,9.148311762844674e-06,8.686210640608035
sweep-ackley-v3-ratio,6eacc037038148caa2c3e893e8928f36,trial005_fourier_h32_b0_f12_s28.3_lr6.3e-04_bs128,FINISHED,ackley_n20000_k3_ss5_seed42_train,fourier,833.0,6.350452899932861,6.8937225341796875,154.70355224609375,0.43471166157599483,0.3062678873538971,0.018689554240280952,9.603841536614645
sweep-bukin-v3-ratio,6fa4a5e586664304bd8865f9635dfabd,trial004_fourier_h16_b0_f24_s10.6_lr1.4e-04_bs128,FINISHED,bukin_n20000_k3_ss8_seed42_train,fourier,801.0,76277.4609375,75338.171875,12238.6103515625,1.1771496668357162,0.9997220635414124,6189.282850556038,9.987515605493133
sweep-franke-v3-ratio,6fb67dfc1168413abf5d019218ebe12e,trial042_siren_h20_l3_w15_lr1.2e-04_bs128,FINISHED,franke_n20000_k3_ss4_seed42_train,siren,921.0,8.940706902649254e-05,0.00011177878332091495,901.4303588867188,0.0012059767393722905,0.6508330702781677,9.920715830419488e-06,8.686210640608035
sweep-bukin-v3-ratio,709612f5eb144c17aa781d954402ed6f,trial127_fourier_h12_b1_f12_s2.1_lr1.5e-02_bs64,FINISHED,bukin_n20000_k3_ss8_seed42_train,fourier,625.0,7.362086772918701,12.41532039642334,117783.3984375,0.09198939155067598,0.17096376419067383,586.0430576604143,12.8
sweep-levy-v3-ratio,70bde0c2d35243f69f1a761e28c6d6d5,trial004_fourier_h16_b1_f16_s7.6_lr1.6e-04_bs64,FINISHED,levy_n20000_k3_ss6_seed42_train,fourier,1089.0,250.1906280517578,260.2659912109375,7001.21728515625,1.2708038282551413,-0.05861784145236015,41.878673768692735,7.3461891643709825
sweep-franke-v3-ratio,74ca7d6dc9a9433a99f4ada1d71a2d17,trial055_siren_h20_l3_w14_lr4.2e-04_bs128,FINISHED,franke_n20000_k3_ss4_seed42_train,siren,921.0,0.00010932682198472321,0.00012455583782866597,626.5761108398438,0.0011481794613209689,0.7425009608268738,1.4616852031029586e-05,8.686210640608035
sweep-bukin-v3-ratio,75cb51e25f8b40b598156926603ce853,trial109_fourier_h12_b1_f12_s2.3_lr1.8e-02_bs64,FINISHED,bukin_n20000_k3_ss8_seed42_train,fourier,625.0,11.647019386291504,14.625015258789062,58239.5859375,0.01948646997273284,0.8195526003837585,538.3315546182222,12.8
sweep-franke-v3-ratio,75f24d5b7e634a3eba065367c82d7418,trial130_siren_h16_l3_w18_lr7.0e-05_bs64,FINISHED,franke_n20000_k3_ss4_seed42_train,siren,609.0,9.678294736659154e-05,9.399257396580651e-05,1271.7666015625,0.0010841994632516444,-0.38086554408073425,0.0028623170127218163,13.136288998357964
sweep-levy-v3-ratio,767addc09e0045b5a2d62c27160df23e,trial082_fourier_h12_b2_f20_s1.0_lr7.4e-03_bs256,FINISHED,levy_n20000_k3_ss6_seed42_train,fourier,1129.0,0.5632331371307373,0.6860347390174866,13810.189453125,0.02537347649039475,-0.5764589905738831,0.3027199668657247,7.085916740478299
sweep-levy-v3-ratio,76b60f6adcce4f8f87e85505a14a0d13,trial238_mlp_h12_b2_gelu_lr2.4e-02_bs256,FINISHED,levy_n20000_k3_ss6_seed42_train,mlp,673.0,1.6004090309143066,2.1864421367645264,29735.60546875,0.020380094305753722,0.7776570320129395,18.574266787775088,11.887072808320951
sweep-franke-v3-ratio,76d4ffe4ba44479ab4f7926f9c337946,trial070_siren_h20_l3_w15_lr1.2e-04_bs32,FINISHED,franke_n20000_k3_ss4_seed42_train,siren,921.0,0.00010479513002792373,0.00012348675227258354,697.6257934570312,0.00178937858420802,0.2150610089302063,1.067442708387708e-05,8.686210640608035
sweep-ackley-v3-ratio,791bc535f24446368ebdbfc44f7a2bf7,trial002_fourier_h12_b2_f8_s3.6_lr3.1e-04_bs128,FINISHED,ackley_n20000_k3_ss5_seed42_train,fourier,841.0,0.2041407823562622,0.19893905520439148,1902.6236572265625,0.029359222285238084,-0.13493354618549347,0.00857712381466371,9.512485136741974
sweep-bukin-v3-ratio,798249e0f0904d93990e028d84289f0b,trial067_fourier_h12_b1_f12_s11.9_lr1.3e-02_bs64,FINISHED,bukin_n20000_k3_ss8_seed42_train,fourier,625.0,1477.5745849609375,1477.6265869140625,104567.7578125,0.5707195794451683,0.3318638503551483,12197.01159444539,12.8
sweep-franke-v3-ratio,7a5f3c1d08f94c2db4b7573a23f0012f,trial066_siren_h24_l3_w15_lr1.7e-04_bs32,FINISHED,franke_n20000_k3_ss4_seed42_train,siren,1297.0,0.000128972897073254,0.00017723493510857224,784.2042236328125,0.0023610093588022616,0.09191854298114777,1.3168285149745401e-05,6.168080185042405
sweep-levy-v3-ratio,7afd6a6b26aa4bde8c00ff4d13ccb70b,trial021_fourier_h12_b2_f8_s1.5_lr5.0e-03_bs256,FINISHED,levy_n20000_k3_ss6_seed42_train,fourier,841.0,0.9875103831291199,1.042508602142334,20011.939453125,0.02812980727803821,0.16540837287902832,0.8672935710748857,9.512485136741974
sweep-levy-v3-ratio,7be35d5b993c4a35bdf6abc00c86324c,trial015_mlp_h20_b1_gelu_lr2.6e-02_bs256,FINISHED,levy_n20000_k3_ss6_seed42_train,mlp,921.0,1.9589158296585083,2.7349565029144287,7988.091796875,0.031773732932770346,0.7238576412200928,15.748449191289815,8.686210640608035
sweep-levy-v3-ratio,7c1f87b7fcd749b6b538b67984945054,trial012_fourier_h12_b2_f8_s2.0_lr9.0e-03_bs256,FINISHED,levy_n20000_k3_ss6_seed42_train,fourier,841.0,7.7666826248168945,8.806353569030762,38382.22265625,0.06658745951512365,0.5116697549819946,11.706903750913021,9.512485136741974
sweep-bukin-v3-ratio,7c2fbc0749a345b097ad8b2cb35ce4dc,trial025_fourier_h12_b1_f16_s25.4_lr5.4e-03_bs32,FINISHED,bukin_n20000_k3_ss8_seed42_train,fourier,721.0,2204.72802734375,2215.239501953125,317459.03125,0.42344058292948233,-0.25797489285469055,27009.396698143115,11.095700416088766
sweep-levy-v3-ratio,7d0a1ac4b3714792a4d5d1505d5268da,trial269_mlp_h12_b2_gelu_lr2.8e-02_bs32,FINISHED,levy_n20000_k3_ss6_seed42_train,mlp,673.0,1.922255277633667,4.168206214904785,15090.349609375,0.019873058033536013,0.20175498723983765,165.44531546637864,11.887072808320951
sweep-franke-v3-ratio,7e0f0f55157b46cc9cc249dfca5bdc4a,trial053_siren_h20_l3_w17_lr3.4e-04_bs128,FINISHED,franke_n20000_k3_ss4_seed42_train,siren,921.0,0.00011665372585412115,0.00014385626127477735,2106.204345703125,0.0017656248849722584,0.04692799970507622,1.2355858718186586e-05,8.686210640608035
sweep-levy-v3-ratio,7e9c4609e0b24a178c6e462f9a0e7b08,trial048_fourier_h12_b2_f8_s7.1_lr2.1e-02_bs64,FINISHED,levy_n20000_k3_ss6_seed42_train,fourier,841.0,247.08773803710938,263.7064208984375,-190.505615234375,1.868624721075547,-0.15592160820960999,0.6681854392229697,9.512485136741974
sweep-levy-v3-ratio,7f4eef70fc4445ac8f0ec9ff51e31f92,trial041_fourier_h12_b2_f8_s1.0_lr6.6e-03_bs256,FINISHED,levy_n20000_k3_ss6_seed42_train,fourier,841.0,1.5132508277893066,1.656376600265503,8624.27734375,0.02361425248299761,0.42276614904403687,1.1249679463489062,9.512485136741974
sweep-eggholder-v3-ratio,807286e4d16e49d7aa2e6fede18808f7,trial164_mlp_h12_b2_relu_lr4.0e-03_bs64,FINISHED,eggholder_n20000_k3_ss7_seed42_train,mlp,673.0,24597.8828125,25553.048828125,55818988.0,0.054254640313526115,0.07488036900758743,129194373.74607877,11.887072808320951
sweep-eggholder-v3-ratio,815900c046be4705b9a348d9ad560555,trial143_mlp_h12_b2_relu_lr2.8e-03_bs64,FINISHED,eggholder_n20000_k3_ss7_seed42_train,mlp,673.0,22456.4453125,21915.19140625,110037432.0,0.04803764109003662,-0.2598715126514435,142172320.6985674,11.887072808320951
sweep-levy-v3-ratio,821d4ea2efc64fc88a7dfc586b839d25,trial024_fourier_h12_b2_f12_s11.4_lr1.5e-02_bs256,FINISHED,levy_n20000_k3_ss6_seed42_train,fourier,937.0,200.64964294433594,231.90316772460938,17595.6328125,1.0236887041380995,-0.028888361528515816,33.055561960189024,8.537886872998932
sweep-franke-v3-ratio,8241c156fe36420bbb5449d6f6753653,trial152_siren_h16_l3_w18_lr5.0e-05_bs64,FINISHED,franke_n20000_k3_ss4_seed42_train,siren,609.0,8.944216097006574e-05,0.00010555868357187137,3245.569091796875,0.0006484134829418621,-0.07627207785844803,0.001023866438640249,13.136288998357964
sweep-bukin-v3-ratio,826e3e0b24524033bd4ee020e53d0fd0,trial182_fourier_h12_b1_f16_s1.0_lr2.7e-02_bs64,FINISHED,bukin_n20000_k3_ss8_seed42_train,fourier,721.0,8.178654670715332,13.966021537780762,43128.9140625,0.015196585020466615,0.03137907758355141,1426.5783366480723,11.095700416088766
sweep-eggholder-v3-ratio,8371d48f3a584309911ff06e60d61190,trial062_mlp_h12_b2_relu_lr9.1e-03_bs64,FINISHED,eggholder_n20000_k3_ss7_seed42_train,mlp,673.0,88105.40625,85640.2578125,5969.80517578125,0.208242147397264,-0.5378119945526123,163980.68906318533,11.887072808320951
sweep-eggholder-v3-ratio,844941f24d4a4a9a92bb0cfff654c75f,trial098_mlp_h12_b2_relu_lr2.3e-03_bs64,FINISHED,eggholder_n20000_k3_ss7_seed42_train,mlp,673.0,20611.763671875,19714.171875,120323568.0,0.03682709093430814,0.1787296086549759,128452258.44484237,11.887072808320951
sweep-bukin-v3-ratio,85120f69a0444f1d8c04ff24a87fa346,trial125_fourier_h12_b1_f12_s2.1_lr1.6e-02_bs64,FINISHED,bukin_n20000_k3_ss8_seed42_train,fourier,625.0,73.54833221435547,98.6324462890625,112736.1875,0.05751299177179468,0.3133334219455719,2295.2361129832007,12.8
sweep-bukin-v3-ratio,865703b1c03a4e28bc4f8e7ae24ddd5c,trial026_fourier_h12_b1_f16_s22.6_lr4.7e-03_bs32,FINISHED,bukin_n20000_k3_ss8_seed42_train,fourier,721.0,2145.189453125,2230.798095703125,87371.328125,0.31928088045384373,-0.27353447675704956,26006.25004949252,11.095700416088766
sweep-levy-v3-ratio,86895848e2e544cf8855ad9b337ef989,trial011_fourier_h12_b2_f8_s1.5_lr5.8e-03_bs256,FINISHED,levy_n20000_k3_ss6_seed42_train,fourier,841.0,1.7076750993728638,1.9410035610198975,51377.6171875,0.022666516162942466,0.42356449365615845,4.775746084910152,9.512485136741974
sweep-eggholder-v3-ratio,869ea2a3347f4c63a113ff6bd84ce123,trial092_mlp_h12_b2_relu_lr2.8e-03_bs64,FINISHED,eggholder_n20000_k3_ss7_seed42_train,mlp,673.0,27753.2734375,26995.494140625,46301728.0,0.06907275106705066,0.06108345463871956,90444705.15938333,11.887072808320951
sweep-franke-v3-ratio,86dcc1aa083e4139952375e08c81d657,trial022_siren_h20_l3_w33_lr7.1e-05_bs128,FINISHED,franke_n20000_k3_ss4_seed42_train,siren,921.0,0.0001625089644221589,0.00016082084039226174,13500.89453125,0.0007846889839306959,0.434326708316803,4.006661406860556e-05,8.686210640608035
sweep-levy-v3-ratio,87ba80c6fedd40f688b41b009d953e89,trial053_fourier_h12_b2_f12_s23.6_lr4.3e-03_bs256,FINISHED,levy_n20000_k3_ss6_seed42_train,fourier,937.0,255.17584228515625,279.0144348144531,5419.0283203125,1.9832093157185775,0.16645961999893188,9.22585559760885,8.537886872998932
sweep-bukin-v3-ratio,8825b615684843c699a2687c80c6ba9a,trial107_fourier_h12_b1_f12_s2.5_lr1.7e-02_bs64,FINISHED,bukin_n20000_k3_ss8_seed42_train,fourier,625.0,99.97174835205078,111.00800323486328,258063.375,0.08681712938879041,0.5095883011817932,5381.789398075396,12.8
sweep-bukin-v3-ratio,888abfac6b954a10a906c7de611e8dfa,trial098_fourier_h12_b1_f12_s4.2_lr1.1e-02_bs64,FINISHED,bukin_n20000_k3_ss8_seed42_train,fourier,625.0,295.69073486328125,356.50665283203125,370803.21875,0.3956670056540144,0.3032737672328949,10534.661285973607,12.8
sweep-franke-v3-ratio,8918711e5aee4c819d18c2292f7489a5,trial058_siren_h20_l3_w13_lr2.6e-04_bs128,FINISHED,franke_n20000_k3_ss4_seed42_train,siren,921.0,9.236732876161113e-05,0.0001303801836911589,3300.361083984375,0.0015182310887260956,0.4201204478740692,1.0666421564701791e-05,8.686210640608035
sweep-bukin-v3-ratio,89619442eb814aa5b4f6f37cb57e558c,trial033_fourier_h12_b1_f16_s22.5_lr4.3e-03_bs32,FINISHED,bukin_n20000_k3_ss8_seed42_train,fourier,721.0,2162.83935546875,2197.67333984375,81800.5546875,0.333366740189942,-0.10920201987028122,28038.51223899603,11.095700416088766
sweep-peaks-v3-ratio,8b2bc5f797434df685208084f33524ed,trial064_siren_h20_l3_w19_lr4.7e-05_bs64,FINISHED,peaks_n20000_k3_ss5_seed42_train,siren,921.0,0.0040605212561786175,0.004141500685364008,33560.66015625,0.0024570342395092313,0.3805941045284271,0.007142027732417899,8.686210640608035
sweep-bukin-v3-ratio,8d3b8652aca7472b905567131c0e517c,trial035_fourier_h12_b1_f16_s29.3_lr2.8e-03_bs32,FINISHED,bukin_n20000_k3_ss8_seed42_train,fourier,721.0,2194.717041015625,2184.271728515625,89577.078125,0.53237922290305,-0.06653854250907898,34944.75960159457,11.095700416088766
sweep-eggholder-v3-ratio,8f0413f8929644bf90c7e92ee200571b,trial095_mlp_h12_b2_relu_lr7.5e-03_bs64,FINISHED,eggholder_n20000_k3_ss7_seed42_train,mlp,673.0,32019.087890625,31848.79296875,103790552.0,0.05142622614621713,-0.15717366337776184,120451273.82979563,11.887072808320951
sweep-eggholder-v3-ratio,8f35641d794b4afa9b34ba07fafed4a7,trial079_mlp_h12_b2_relu_lr6.3e-03_bs32,FINISHED,eggholder_n20000_k3_ss7_seed42_train,mlp,673.0,37165.78515625,38913.38671875,61555228.0,0.10963055651788371,0.39425137639045715,299950791.4061714,11.887072808320951
sweep-bukin-v3-ratio,8f54b864d78540eeb9103914dfe8a916,trial108_fourier_h12_b1_f12_s2.4_lr1.8e-02_bs64,FINISHED,bukin_n20000_k3_ss8_seed42_train,fourier,625.0,93.64871978759766,94.65835571289062,358611.46875,0.25019820403914306,0.5486673712730408,3323.2411452655942,12.8
sweep-peaks-v3-ratio,8fe321262b884b57909b42a884d5fc18,trial051_siren_h20_l3_w22_lr4.8e-05_bs64,FINISHED,peaks_n20000_k3_ss5_seed42_train,siren,921.0,0.0039902436546981335,0.004270938225090504,42193.35546875,0.002631421306987438,0.48869407176971436,0.007944591616620365,8.686210640608035
sweep-bukin-v3-ratio,90ede5388f4e46f3b3f382c586f44a6f,trial124_fourier_h12_b1_f12_s2.0_lr1.6e-02_bs64,FINISHED,bukin_n20000_k3_ss8_seed42_train,fourier,625.0,70.57347869873047,78.68211364746094,148232.46875,0.17216663156616863,-0.1196354404091835,2965.7404891913725,12.8
sweep-bukin-v3-ratio,91303d15201c4ae082eec4db4b330dcb,trial161_fourier_h12_b1_f16_s1.1_lr2.7e-02_bs64,FINISHED,bukin_n20000_k3_ss8_seed42_train,fourier,721.0,9.736513137817383,16.756803512573242,60348.25,0.02819229445648097,0.8516077995300293,1226.4422334864537,11.095700416088766
sweep-franke-v3-ratio,93a7df30867149feb19636fc3208bc63,trial084_siren_h20_l3_w21_lr2.1e-04_bs128,FINISHED,franke_n20000_k3_ss4_seed42_train,siren,921.0,0.000107927480712533,0.00013990228762850165,2654.09228515625,0.001049317645657399,0.38689476251602173,1.7176771756440075e-05,8.686210640608035
sweep-levy-v3-ratio,97d7d5e24cc948669c7b3c1dd07671b5,trial005_fourier_h32_b0_f12_s28.3_lr6.3e-04_bs128,FINISHED,levy_n20000_k3_ss6_seed42_train,fourier,833.0,254.2548065185547,266.2595520019531,561.6759033203125,1.2940254112029614,0.41152140498161316,1.3932400772831872,9.603841536614645
sweep-ackley-v3-ratio,98040d081f67452eb46fe52a751a5f76,trial024_fourier_h12_b2_f12_s11.4_lr1.6e-02_bs256,FINISHED,ackley_n20000_k3_ss5_seed42_train,fourier,937.0,6.106528282165527,7.10436487197876,343.7909240722656,0.07009999288701192,0.03156797215342522,0.056440079075483554,8.537886872998932
sweep-ackley-v3-ratio,98f0a5f3a97747da9b88182c7d04a562,trial062_fourier_h12_b2_f16_s1.1_lr2.0e-02_bs256,FINISHED,ackley_n20000_k3_ss5_seed42_train,fourier,1033.0,0.06565351784229279,0.07977078855037689,542.8021240234375,0.010860364054383956,0.9492621421813965,0.008289625595166036,7.744433688286544
sweep-eggholder-v3-ratio,99377730a44e47c8a0d5dce606711f95,trial104_mlp_h12_b2_relu_lr2.5e-03_bs64,FINISHED,eggholder_n20000_k3_ss7_seed42_train,mlp,673.0,23408.259765625,22392.220703125,113469656.0,0.031241629648389897,0.6322988271713257,345073548.1373019,11.887072808320951
sweep-bukin-v3-ratio,9d564f00d7a1416fb2de694dd684dd4e,trial175_fourier_h12_b1_f16_s1.0_lr2.7e-02_bs64,FINISHED,bukin_n20000_k3_ss8_seed42_train,fourier,721.0,4.115727424621582,5.383613109588623,53021.578125,0.013475440489801599,0.4828324317932129,506.4799300983277,11.095700416088766
sweep-eggholder-v3-ratio,9db5b498143a4566a1295d5d1c03ec93,trial115_mlp_h12_b2_relu_lr2.1e-03_bs64,FINISHED,eggholder_n20000_k3_ss7_seed42_train,mlp,673.0,31379.72265625,32531.943359375,66188592.0,0.05034843407117336,-0.005846114829182625,119585015.1028602,11.887072808320951
sweep-franke-v3-ratio,a0817056796041c6a4c340ac5e83007e,trial123_siren_h16_l3_w19_lr9.6e-05_bs128,FINISHED,franke_n20000_k3_ss4_seed42_train,siren,609.0,9.024985047290102e-05,9.837743709795177e-05,1695.609130859375,0.001036689670835058,-0.45312321186065674,0.016487404393961156,13.136288998357964
sweep-bukin-v3-ratio,a1347eca6d8a4b8db38eb6d922038986,trial177_fourier_h12_b1_f16_s1.0_lr2.9e-02_bs64,FINISHED,bukin_n20000_k3_ss8_seed42_train,fourier,721.0,6.654731750488281,11.498363494873047,97467.65625,0.01431448156066171,0.8268913626670837,2259.1225635475453,11.095700416088766
sweep-eggholder-v3-ratio,a135d2090b8145c2b7ae0db86d2d1c48,trial054_mlp_h12_b2_relu_lr2.0e-03_bs64,FINISHED,eggholder_n20000_k3_ss7_seed42_train,mlp,673.0,42915.296875,42517.12890625,28262692.0,0.06755634170836305,-0.7023395299911499,58177193.60281256,11.887072808320951
sweep-bukin-v3-ratio,a178e646815c45c5831e91c40215e0ad,trial172_fourier_h12_b1_f16_s3.2_lr2.9e-02_bs64,FINISHED,bukin_n20000_k3_ss8_seed42_train,fourier,721.0,64.83493041992188,73.87379455566406,54086.19140625,0.024685069473308417,-0.556794285774231,3908.166918359131,11.095700416088766
sweep-bukin-v3-ratio,a2579056566944da857dab39b52f376b,trial099_fourier_h12_b1_f12_s5.4_lr4.6e-03_bs64,FINISHED,bukin_n20000_k3_ss8_seed42_train,fourier,625.0,96.40487670898438,110.50806427001953,330553.6875,0.042917383933978974,0.14968547224998474,2951.070280062333,12.8
sweep-bukin-v3-ratio,a3211585c00a4574b51c5d4c5c85348a,trial103_fourier_h12_b1_f12_s3.7_lr1.1e-02_bs64,FINISHED,bukin_n20000_k3_ss8_seed42_train,fourier,625.0,110.65354919433594,113.64747619628906,597111.25,0.17619719478361626,-0.2448171079158783,2874.274378857314,12.8
sweep-franke-v3-ratio,a3281b668ae34ef1aa8611f494e40414,trial153_siren_h16_l3_w19_lr5.4e-05_bs64,FINISHED,franke_n20000_k3_ss4_seed42_train,siren,609.0,9.569844405632466e-05,9.926388156600296e-05,1834.2005615234375,0.001208237050922511,-0.08789484947919846,0.0004184199842910072,13.136288998357964
sweep-peaks-v3-ratio,a33af979786849f2a1b18b20a789f3e2,trial052_siren_h20_l3_w21_lr2.5e-05_bs64,FINISHED,peaks_n20000_k3_ss5_seed42_train,siren,921.0,0.0038006899412721395,0.0038714492693543434,45726.83203125,0.002135747757187099,-0.20723912119865417,0.007229454588741452,8.686210640608035
sweep-franke-v3-ratio,a3605fbac7bc486eb23ef8ef1a28bab9,trial073_siren_h20_l3_w10_lr1.6e-04_bs128,FINISHED,franke_n20000_k3_ss4_seed42_train,siren,921.0,9.940665768226609e-05,9.989600948756561e-05,837.0582885742188,0.0009743271600808044,0.6122768521308899,6.727723589833749e-06,8.686210640608035
sweep-bukin-v3-ratio,a384ded34ba6445196d947d44cc986a0,trial185_fourier_h12_b1_f16_s1.0_lr2.7e-02_bs64,FINISHED,bukin_n20000_k3_ss8_seed42_train,fourier,721.0,5.6605224609375,19.904909133911133,136880.953125,0.02432522414328529,0.9600131511688232,1617.692667813697,11.095700416088766
sweep-franke-v3-ratio,a4add3ccac734568bfe7536aab10904c,trial122_siren_h16_l3_w21_lr1.2e-04_bs128,FINISHED,franke_n20000_k3_ss4_seed42_train,siren,609.0,9.333875641459599e-05,0.00010069725249195471,2056.336181640625,0.0011768341802439394,-0.08875393867492676,0.0091835235751441,13.136288998357964
sweep-ackley-v3-ratio,a5262d9201024143a0b0927e3e3d2286,trial056_fourier_h12_b2_f32_s25.5_lr2.3e-03_bs256,FINISHED,ackley_n20000_k3_ss5_seed42_train,fourier,1417.0,6.143670558929443,6.8683905601501465,320.6402587890625,0.09797790769495957,-0.28155580163002014,0.027039363092595706,5.6457304163726185
sweep-ackley-v3-ratio,a6397080770e4627a6c0f00d4baa0a40,trial000_siren_h28_l2_w19_lr2.3e-05_bs128,FINISHED,ackley_n20000_k3_ss5_seed42_train,siren,925.0,0.32430022954940796,0.3321809768676758,46239.80078125,0.011356090416912835,-0.20700743794441223,0.2973368900684853,8.64864864864865
sweep-eggholder-v3-ratio,a6d52995d22443aebae9b55b2ba10dee,trial077_mlp_h12_b2_silu_lr9.2e-03_bs64,FINISHED,eggholder_n20000_k3_ss7_seed42_train,mlp,673.0,37710.4140625,37452.2890625,20311342.0,0.13056374881473387,0.340901255607605,47945319.94913462,11.887072808320951
sweep-ackley-v3-ratio,a6eead4a12d64dec923782961a1bc6e5,trial011_fourier_h12_b2_f8_s1.5_lr5.8e-03_bs256,FINISHED,ackley_n20000_k3_ss5_seed42_train,fourier,841.0,0.049220215529203415,0.05034112557768822,3062.066162109375,0.007860162862955856,-0.2292402982711792,0.003119052915580278,9.512485136741974
sweep-bukin-v3-ratio,a82f5bde7fed4f3fbe14496207900238,trial160_fourier_h12_b1_f16_s1.1_lr2.5e-02_bs64,FINISHED,bukin_n20000_k3_ss8_seed42_train,fourier,721.0,23.20530891418457,27.524744033813477,154746.15625,0.038883840877690715,0.814579427242279,2004.6230184563003,11.095700416088766
sweep-eggholder-v3-ratio,a8be3ed7d4a04bbc9af72792b1a9ebcc,trial137_mlp_h12_b2_relu_lr3.6e-03_bs64,FINISHED,eggholder_n20000_k3_ss7_seed42_train,mlp,673.0,24512.564453125,23082.19140625,269921248.0,0.050467579396706645,-0.08060871064662933,149951866.94056454,11.887072808320951
sweep-franke-v3-ratio,a92928deee7e45bb8034e7298ed7e41b,trial043_siren_h20_l3_w14_lr2.9e-04_bs128,FINISHED,franke_n20000_k3_ss4_seed42_train,siren,921.0,0.00010064121306641027,9.948765364242718e-05,562.9334106445312,0.0015598144995676083,-0.4348872900009155,8.008919133325741e-06,8.686210640608035
sweep-bukin-v3-ratio,a94e5cbb58f04d3d90e23680b4ac8f69,trial104_fourier_h12_b1_f12_s3.9_lr1.2e-02_bs64,FINISHED,bukin_n20000_k3_ss8_seed42_train,fourier,625.0,83.19761657714844,84.70654296875,566998.3125,0.08140811471601389,0.45908018946647644,3432.6335262877924,12.8
sweep-ackley-v3-ratio,a99cd1e2a0c841588d6320ad22379788,trial074_fourier_h12_b2_f32_s2.1_lr1.0e-02_bs256,FINISHED,ackley_n20000_k3_ss5_seed42_train,fourier,1417.0,0.04074494168162346,0.043645624071359634,660.8255615234375,0.012025852509929954,0.14413101971149445,0.0011083879020985805,5.6457304163726185
sweep-eggholder-v3-ratio,a9df4715d2424b949642900d41968937,trial073_mlp_h12_b2_relu_lr1.6e-03_bs64,FINISHED,eggholder_n20000_k3_ss7_seed42_train,mlp,673.0,29687.470703125,28151.0234375,162068384.0,0.024160729711986188,0.2516203224658966,158950698.9209858,11.887072808320951
sweep-bukin-v3-ratio,aa92aac3752140c098676e67e1965cef,trial164_fourier_h12_b1_f16_s1.1_lr3.0e-02_bs64,FINISHED,bukin_n20000_k3_ss8_seed42_train,fourier,721.0,6.431464195251465,96.4488754272461,51979.68359375,0.06715461212170362,-0.8090680241584778,1748.96119679219,11.095700416088766
sweep-franke-v3-ratio,acf47d43cf0a4c95b97235e9b8aafed9,trial068_siren_h20_l4_w12_lr2.1e-04_bs32,FINISHED,franke_n20000_k3_ss4_seed42_train,siren,1341.0,0.00012162754137534648,0.0001469376147724688,848.6783447265625,0.002445925126103526,-0.2078302502632141,9.615572258970862e-06,5.965697240865026
sweep-levy-v3-ratio,ad888b62cde14ffea511000a5d315b39,trial260_mlp_h12_b2_gelu_lr7.7e-03_bs32,FINISHED,levy_n20000_k3_ss6_seed42_train,mlp,673.0,2.1156253814697266,3.165926694869995,12582.076171875,0.045309853963197116,0.9179746508598328,90.69585190777164,11.887072808320951
sweep-franke-v3-ratio,ae65ac67c7544ae2a1816ea33d63c3d4,trial079_siren_h20_l3_w16_lr7.8e-05_bs32,FINISHED,franke_n20000_k3_ss4_seed42_train,siren,921.0,0.00011182788148289546,0.00011391905718483031,2261.622314453125,0.001725433915103094,0.5263617634773254,2.1553203116906183e-05,8.686210640608035
sweep-eggholder-v3-ratio,ae791187117b4403a2c1b3e2a3dde8f4,trial029_fourier_h24_b0_f8_s16.2_lr5.8e-04_bs128,FINISHED,eggholder_n20000_k3_ss7_seed42_train,fourier,433.0,92045.390625,86959.5,903.8156127929688,1.1791277207176785,-0.476127028465271,153.97337624808495,18.475750577367204
sweep-bukin-v3-ratio,afaf76eaab1c4ad1b8616784b85847c3,trial114_fourier_h12_b1_f12_s2.4_lr1.7e-02_bs64,FINISHED,bukin_n20000_k3_ss8_seed42_train,fourier,625.0,17.21170425415039,23.5471248626709,60146.57421875,0.09124696342885472,0.8631108403205872,1178.6945920438923,12.8
sweep-levy-v3-ratio,b1d8af274438400bb3ee639f6e133c1f,trial247_mlp_h12_b2_gelu_lr6.3e-03_bs32,FINISHED,levy_n20000_k3_ss6_seed42_train,mlp,673.0,1.8203083276748657,2.3294456005096436,17839.12890625,0.008713148939840301,-0.23539817333221436,162.14794160028106,11.887072808320951
sweep-ackley-v3-ratio,b1ec3a887fa04267ba713bf134e0db20,trial021_fourier_h12_b2_f8_s1.5_lr5.0e-03_bs256,FINISHED,ackley_n20000_k3_ss5_seed42_train,fourier,841.0,0.0694664865732193,0.06868460774421692,1390.03173828125,0.010314262668614009,0.526768684387207,0.00493485288805555,9.512485136741974
sweep-levy-v3-ratio,b3f4e0280e4344aa929912740f17b9f3,trial059_fourier_h12_b2_f16_s2.0_lr2.0e-03_bs256,FINISHED,levy_n20000_k3_ss6_seed42_train,fourier,1033.0,0.5346917510032654,0.5725350379943848,42563.18359375,0.02430914210531271,0.1905043125152588,0.4776944005453861,7.744433688286544
sweep-franke-v3-ratio,b419a5a55b6b4fa997c8bbbb28756501,trial016_siren_h20_l3_w28_lr2.2e-04_bs128,FINISHED,franke_n20000_k3_ss4_seed42_train,siren,921.0,0.00013430377293843776,0.00012770209286827594,7211.97314453125,0.001077460091692975,0.4820219576358795,2.558017571796427e-05,8.686210640608035
sweep-eggholder-v3-ratio,b4e67c4af7f6475fb7eb018244e881c8,trial053_fourier_h12_b0_f32_s3.6_lr1.9e-03_bs64,FINISHED,eggholder_n20000_k3_ss7_seed42_train,fourier,793.0,18468.59765625,16968.767578125,106660.109375,1.9592532743372042,-0.13989554345607758,61071.69290912399,10.08827238335435
sweep-levy-v3-ratio,b634f7a05b7246b9a196b549b50ff9be,trial198_mlp_h12_b2_gelu_lr2.4e-02_bs256,FINISHED,levy_n20000_k3_ss6_seed42_train,mlp,673.0,1.7889479398727417,2.4371750354766846,19973.25390625,0.021413882104913774,0.9097621440887451,16.17147098331139,11.887072808320951
sweep-eggholder-v3-ratio,b6884911a2834a9aa09f55dc4f78dd78,trial076_mlp_h12_b2_relu_lr1.5e-03_bs64,FINISHED,eggholder_n20000_k3_ss7_seed42_train,mlp,673.0,27476.271484375,25355.615234375,451450752.0,0.007077096642159533,0.08697621524333954,365155708.73432916,11.887072808320951
sweep-bukin-v3-ratio,b7236fc27d4748439804d2f65fb3bc31,trial121_fourier_h12_b1_f12_s2.9_lr2.1e-02_bs64,FINISHED,bukin_n20000_k3_ss8_seed42_train,fourier,625.0,137.12664794921875,210.35726928710938,612054.75,0.07766986737023693,-0.5875452160835266,5186.655307770626,12.8
sweep-eggholder-v3-ratio,b8865462f38a48a0a1b0fb1119fbf070,trial109_mlp_h12_b2_relu_lr2.0e-03_bs32,FINISHED,eggholder_n20000_k3_ss7_seed42_train,mlp,673.0,27506.25,25877.671875,92308832.0,0.06461586364048628,0.37286195158958435,309135663.192816,11.887072808320951
sweep-bukin-v3-ratio,b9a2b44d90dc4d9885b952e3eda0e6a4,trial155_fourier_h12_b1_f16_s1.6_lr1.9e-02_bs64,FINISHED,bukin_n20000_k3_ss8_seed42_train,fourier,721.0,37.60914993286133,39.78242492675781,90817.3046875,0.030235444794649905,-0.3606915771961212,1879.6089143538795,11.095700416088766
sweep-bukin-v3-ratio,bad66c3e1419403c9fdd65869c5fb7e4,trial116_fourier_h12_b1_f12_s2.1_lr2.9e-02_bs64,FINISHED,bukin_n20000_k3_ss8_seed42_train,fourier,625.0,70.88170623779297,112.1572036743164,84201.53125,0.03376356564585816,0.8321373462677002,3066.435561136747,12.8
sweep-ackley-v3-ratio,bafa61d323654e8185745798cd02a941,trial010_fourier_h12_b2_f8_s1.4_lr4.7e-03_bs256,FINISHED,ackley_n20000_k3_ss5_seed42_train,fourier,841.0,0.08262979984283447,0.08579016476869583,2149.3486328125,0.005130584194089096,-0.015060147270560265,0.0021273516194052853,9.512485136741974
sweep-bukin-v3-ratio,bb16dcca4b1d4b8aae15ab01106cca27,trial106_fourier_h12_b1_f12_s2.4_lr1.7e-02_bs64,FINISHED,bukin_n20000_k3_ss8_seed42_train,fourier,625.0,20.121305465698242,28.437206268310547,286469.625,0.11860591814125697,-0.3012690544128418,1719.998539230695,12.8
sweep-ackley-v3-ratio,bd4f4d0db3cb44e380335cc487dc43d3,trial059_fourier_h12_b2_f16_s1.2_lr1.9e-02_bs256,FINISHED,ackley_n20000_k3_ss5_seed42_train,fourier,1033.0,0.06231392174959183,0.07023363560438156,796.46240234375,0.05643028849689369,0.1059279814362526,0.001746139204610989,7.744433688286544
sweep-eggholder-v3-ratio,be1d13ab73ed4227ad4f896aacab6d49,trial065_mlp_h12_b2_relu_lr1.8e-03_bs64,FINISHED,eggholder_n20000_k3_ss7_seed42_train,mlp,673.0,32591.01171875,31024.490234375,37800108.0,0.03898157616100834,-0.5766124129295349,94905562.75734837,11.887072808320951
sweep-ackley-v3-ratio,bebcfcfb4f13441e8d370b883b226f23,trial014_fourier_h12_b1_f32_s14.4_lr2.9e-02_bs256,FINISHED,ackley_n20000_k3_ss5_seed42_train,fourier,1105.0,6.223029136657715,7.712854862213135,488.768798828125,0.1283018479916302,-0.3322007358074188,0.03132424586028259,7.239819004524887
sweep-ackley-v3-ratio,c092c6129f4942d68d6ce0ffee345a78,trial541_fourier_h12_b0_f24_s1.0_lr5.8e-03_bs128,FINISHED,ackley_n20000_k3_ss5_seed42_train,fourier,601.0,0.0615256130695343,0.0628013089299202,380.1239318847656,0.09345514428574685,-0.0211122278124094,0.016471424637990412,13.311148086522463
sweep-bukin-v3-ratio,c0b1ef2cf39d4d2287bd57b614d34bc6,trial166_fourier_h12_b1_f16_s1.1_lr2.6e-02_bs64,FINISHED,bukin_n20000_k3_ss8_seed42_train,fourier,721.0,8.976232528686523,11.53962516784668,81954.703125,0.03493168275447191,-0.9079306721687317,1187.9217906047002,11.095700416088766
sweep-peaks-v3-ratio,c0dcd1c2fb64439fa65340fe9b015538,trial044_siren_h20_l3_w16_lr3.3e-05_bs128,FINISHED,peaks_n20000_k3_ss5_seed42_train,siren,921.0,0.0037498599849641323,0.003822553902864456,67521.828125,0.0013170193562065395,-0.18457378447055817,0.002839654840704612,8.686210640608035
sweep-bukin-v3-ratio,c24ec6bae7824b46a9a419708ae2811e,trial023_fourier_h12_b1_f16_s20.3_lr3.7e-03_bs32,FINISHED,bukin_n20000_k3_ss8_seed42_train,fourier,721.0,2167.97900390625,2152.834716796875,140389.0625,0.24358252485277956,-0.28344929218292236,25665.76099296148,11.095700416088766
sweep-ackley-v3-ratio,c31df2fe44fa43459b5cfb87219c3d2c,trial083_fourier_h12_b2_f32_s1.8_lr9.1e-03_bs256,FINISHED,ackley_n20000_k3_ss5_seed42_train,fourier,1417.0,0.02427620440721512,0.026199014857411385,403.31622314453125,0.0062556970282784796,-0.7740130424499512,0.001228063041926237,5.6457304163726185
sweep-levy-v3-ratio,c3a1a4ad347b402f904114f0f8e00672,trial084_fourier_h12_b2_f20_s1.1_lr1.0e-02_bs256,FINISHED,levy_n20000_k3_ss6_seed42_train,fourier,1129.0,0.6526849269866943,0.7701866626739502,6162.14599609375,0.08551161661417325,0.3234982490539551,0.24808222678429123,7.085916740478299
sweep-bukin-v3-ratio,c47978063e874820abba8b955c5dc342,trial178_fourier_h12_b1_f16_s1.0_lr2.9e-02_bs64,FINISHED,bukin_n20000_k3_ss8_seed42_train,fourier,721.0,15.936670303344727,31.74393081665039,30470.26171875,0.04410886362067133,0.758493185043335,1507.1528607376324,11.095700416088766
sweep-bukin-v3-ratio,c49b006b494942cfb374c2bff94c7b94,trial047_fourier_h12_b1_f8_s5.8_lr9.4e-04_bs128,FINISHED,bukin_n20000_k3_ss8_seed42_train,fourier,529.0,154.02105712890625,152.7625274658203,553819.8125,0.0356399426992255,-0.0776338055729866,1380.930323446551,15.122873345935728
sweep-eggholder-v3-ratio,c54a0cfcc8f845cebcf0210dbc0f1184,trial091_mlp_h12_b2_relu_lr5.1e-03_bs64,FINISHED,eggholder_n20000_k3_ss7_seed42_train,mlp,673.0,28498.59375,26075.607421875,54768576.0,0.06379348955664853,-0.10536249727010727,83074874.86075835,11.887072808320951
sweep-ackley-v3-ratio,c560232a828043948d15dfb2cb9e811f,trial064_fourier_h12_b2_f16_s1.1_lr1.8e-02_bs256,FINISHED,ackley_n20000_k3_ss5_seed42_train,fourier,1033.0,0.06726697087287903,0.14320161938667297,2061.31396484375,0.03544610078162912,0.809187114238739,0.011365610229981898,7.744433688286544
sweep-franke-v3-ratio,c6243055d2634691a66f080d33d4102c,trial121_siren_h16_l3_w17_lr1.2e-04_bs128,FINISHED,franke_n20000_k3_ss4_seed42_train,siren,609.0,9.447902266401798e-05,0.00010082480730488896,2272.765380859375,0.0007320585158589974,-0.504698634147644,0.017057337957200838,13.136288998357964
sweep-peaks-v3-ratio,c6af5bcbd3a34b1c9c0060aa6da46619,trial067_siren_h24_l3_w18_lr2.6e-05_bs64,FINISHED,peaks_n20000_k3_ss5_seed42_train,siren,1297.0,0.0038236083928495646,0.003930672537535429,42199.984375,0.002319729929792906,0.21147702634334564,0.004306356640778862,6.168080185042405
sweep-bukin-v3-ratio,c7cb7db953d248c6b5d19004d08da196,trial065_fourier_h12_b1_f12_s3.3_lr1.5e-02_bs64,FINISHED,bukin_n20000_k3_ss8_seed42_train,fourier,625.0,719.4028930664062,773.1885375976562,215378.234375,0.11640446927197697,-0.6980835795402527,10109.235655847766,12.8
sweep-franke-v3-ratio,c94dbbf27efa48ff84a118db702428bc,trial062_siren_h20_l3_w13_lr1.8e-04_bs128,FINISHED,franke_n20000_k3_ss4_seed42_train,siren,921.0,9.296798089053482e-05,0.00010514632595004514,978.0299682617188,0.0010200182129874377,0.09866049140691757,7.144298572189373e-06,8.686210640608035
sweep-levy-v3-ratio,ca0cdfbd64ac4c17bba636fe7aa35a39,trial013_fourier_h12_b1_f32_s1.1_lr2.4e-02_bs256,FINISHED,levy_n20000_k3_ss6_seed42_train,fourier,1105.0,0.8052651882171631,1.0463734865188599,2306.9736328125,0.0455676891363357,0.5490410923957825,0.1828092042581019,7.239819004524887
sweep-franke-v3-ratio,ca0fb18db1b1407bb12080c59d8ca36c,trial126_siren_h16_l3_w19_lr8.0e-05_bs128,FINISHED,franke_n20000_k3_ss4_seed42_train,siren,609.0,0.00010165466665057465,0.00010278698027832434,2765.462158203125,0.0008620496424451482,0.6079041957855225,0.01459439067520988,13.136288998357964
sweep-levy-v3-ratio,ca83f3ef103e480380bf4d9bb483ae2d,trial014_fourier_h12_b1_f32_s14.4_lr2.9e-02_bs256,FINISHED,levy_n20000_k3_ss6_seed42_train,fourier,1105.0,252.43052673339844,294.5213317871094,5847.09814453125,0.689164212069328,0.004426076542586088,11.182504463977276,7.239819004524887
sweep-franke-v3-ratio,ca8733b85dd04f5b826646d5f4c8cb64,trial098_siren_h20_l2_w18_lr1.2e-04_bs32,FINISHED,franke_n20000_k3_ss4_seed42_train,siren,501.0,0.00010790781379910186,0.00013003677304368466,1861.0543212890625,0.00249353183468255,0.31259462237358093,0.0014537121340408871,15.968063872255488
sweep-franke-v3-ratio,cf775196e6674b2b972582cf190131e9,trial005_fourier_h32_b0_f12_s28.3_lr6.3e-04_bs128,FINISHED,franke_n20000_k3_ss4_seed42_train,fourier,833.0,0.0641331821680069,0.0643313005566597,101.1187744140625,0.10109573525023136,-0.3793146014213562,6.92119670839813e-05,9.603841536614645
sweep-franke-v3-ratio,cff4e1a6ab7f41c396cde22ae425bcf0,trial077_siren_h20_l3_w19_lr9.1e-05_bs128,FINISHED,franke_n20000_k3_ss4_seed42_train,siren,921.0,0.00010798362200148404,0.00011296146112727001,9517.87890625,0.000725479792354185,0.4750499129295349,2.0712393994522077e-05,8.686210640608035
sweep-levy-v3-ratio,d0bfd416b6e0456c949c92e18721df78,trial046_mlp_h12_b3_relu_lr1.9e-03_bs256,FINISHED,levy_n20000_k3_ss6_seed42_train,mlp,985.0,1.9103853702545166,1.820656418800354,35282.125,0.0024238580117299548,0.7342552542686462,31.777266506410175,8.121827411167512
sweep-franke-v3-ratio,d0d5c72006694e3aba5781efae7a8721,trial133_siren_h16_l3_w17_lr1.1e-04_bs128,FINISHED,franke_n20000_k3_ss4_seed42_train,siren,609.0,0.00010230645420961082,9.762849367689341e-05,4259.57568359375,0.0007339288388715486,0.36085981130599976,0.01056356699423218,13.136288998357964
sweep-ackley-v3-ratio,d12b94e3172646a39c5649558cf4f53f,trial012_fourier_h12_b2_f8_s2.0_lr9.0e-03_bs256,FINISHED,ackley_n20000_k3_ss5_seed42_train,fourier,841.0,0.11481558531522751,0.11756183207035065,1904.963623046875,0.04852984337542911,-0.34247469902038574,0.007124868271269617,9.512485136741974
sweep-eggholder-v3-ratio,d2f8e093d58d44d1a96f5c7970dba446,trial093_mlp_h12_b2_relu_lr5.6e-03_bs64,FINISHED,eggholder_n20000_k3_ss7_seed42_train,mlp,673.0,19971.298828125,19285.078125,42196148.0,0.040295797979116046,-0.196644589304924,107532214.86815032,11.887072808320951
sweep-bukin-v3-ratio,d345db96c6de42789a71f01f92bcec1d,trial140_fourier_h12_b1_f12_s1.6_lr1.4e-02_bs64,FINISHED,bukin_n20000_k3_ss8_seed42_train,fourier,625.0,24.935626983642578,29.22568702697754,142550.578125,0.03037955355879632,0.70699143409729,913.3983700883703,12.8
sweep-eggholder-v3-ratio,d396c2e0937f44c899b726a8ba9973ad,trial027_fourier_h24_b0_f8_s12.4_lr3.3e-04_bs128,FINISHED,eggholder_n20000_k3_ss7_seed42_train,fourier,433.0,92019.140625,87006.671875,4444.9326171875,1.3330838507226477,0.05132439360022545,282.1624870771331,18.475750577367204
sweep-bukin-v3-ratio,d3dc521677454f7d80e05443447c7908,trial102_fourier_h12_b1_f12_s3.8_lr4.7e-03_bs64,FINISHED,bukin_n20000_k3_ss8_seed42_train,fourier,625.0,133.23976135253906,137.84060668945312,310168.34375,0.08637320532338416,-0.5632933974266052,3803.0538149996805,12.8
sweep-ackley-v3-ratio,d43e4028288d4398aca7e92e854fca12,trial094_fourier_h12_b2_f24_s2.8_lr6.9e-03_bs256,FINISHED,ackley_n20000_k3_ss5_seed42_train,fourier,1225.0,0.06241781637072563,0.06938926130533218,2809.8515625,0.015973953214890126,-0.17865321040153503,0.002386300624651188,6.530612244897959
sweep-franke-v3-ratio,d6351c9e7d5c4bc280bd1cde95038125,trial052_siren_h20_l3_w17_lr2.4e-04_bs128,FINISHED,franke_n20000_k3_ss4_seed42_train,siren,921.0,0.00010963535896735266,0.00011252689000684768,3297.483642578125,0.0009972163455120476,0.7349797487258911,2.2701490542793395e-05,8.686210640608035
sweep-franke-v3-ratio,d719fd318af04c66ba382873239140c1,trial072_siren_h20_l3_w13_lr1.7e-04_bs128,FINISHED,franke_n20000_k3_ss4_seed42_train,siren,921.0,9.626207611290738e-05,8.900041575543582e-05,1634.8973388671875,0.0006414281739567388,0.3715432286262512,5.942734887267081e-06,8.686210640608035
sweep-bukin-v3-ratio,d77a7109af34419a8d805daeec7fc29f,trial112_fourier_h12_b1_f12_s2.2_lr1.8e-02_bs64,FINISHED,bukin_n20000_k3_ss8_seed42_train,fourier,625.0,66.58423614501953,107.21627807617188,251796.65625,0.06054480064306084,0.3685498535633087,2005.079177095104,12.8
sweep-franke-v3-ratio,d82bfcfba6cd42a0aa065f6fd5e6f9e4,trial041_siren_h20_l3_w26_lr1.1e-04_bs128,FINISHED,franke_n20000_k3_ss4_seed42_train,siren,921.0,0.00013525680697057396,0.00013446612865664065,8225.837890625,0.000699689110814046,0.24459217488765717,2.8853261195133826e-05,8.686210640608035
sweep-bukin-v3-ratio,d85d28acc49343acbadb33abfc9c0f68,trial024_fourier_h12_b1_f16_s22.2_lr5.3e-03_bs32,FINISHED,bukin_n20000_k3_ss8_seed42_train,fourier,721.0,2193.20458984375,2201.588134765625,62321.8125,0.19060217099308513,0.011838377453386784,28554.073427926684,11.095700416088766
sweep-ackley-v3-ratio,d86af2b451e94fd193b1ab70a9f3a71d,trial072_fourier_h12_b2_f16_s1.2_lr1.4e-02_bs256,FINISHED,ackley_n20000_k3_ss5_seed42_train,fourier,1033.0,0.04851217567920685,0.05992940813302994,1009.0138549804688,0.013906772944809716,0.9356918931007385,0.006461857494535834,7.744433688286544
sweep-bukin-v3-ratio,d90af5ac38b84605aa5dfc3b3726d630,trial151_fourier_h12_b1_f12_s1.7_lr1.4e-02_bs64,FINISHED,bukin_n20000_k3_ss8_seed42_train,fourier,625.0,26.6120548248291,41.652706146240234,74369.59375,0.03231939442487841,0.7531195878982544,1159.8166750726602,12.8
sweep-bukin-v3-ratio,dbeff9b7e34d49f5b423aa9e80f43a58,trial022_fourier_h12_b1_f16_s19.9_lr2.3e-03_bs32,FINISHED,bukin_n20000_k3_ss8_seed42_train,fourier,721.0,2202.927734375,2143.80029296875,162656.671875,0.5013834341815693,0.4843928813934326,38609.68185837219,11.095700416088766
sweep-levy-v3-ratio,dc80a751eef94260aee74b09ca6bfad2,trial010_fourier_h12_b2_f8_s1.4_lr4.7e-03_bs256,FINISHED,levy_n20000_k3_ss6_seed42_train,fourier,841.0,0.8218372464179993,0.881629467010498,18830.30078125,0.04339008347001064,0.7241308093070984,1.4527403585787364,9.512485136741974
sweep-bukin-v3-ratio,dcb8f20b800a4ababea660e4b70f0dd0,trial095_fourier_h12_b1_f12_s3.8_lr5.4e-03_bs64,FINISHED,bukin_n20000_k3_ss8_seed42_train,fourier,625.0,171.7597198486328,178.09820556640625,524883.1875,0.0750051780304326,0.54594486951828,10006.015540185135,12.8
sweep-peaks-v3-ratio,df25e6a9fa0049d5b8671b56a31ee132,trial005_fourier_h32_b0_f12_s28.3_lr6.3e-04_bs128,FINISHED,peaks_n20000_k3_ss5_seed42_train,fourier,833.0,3.6186492443084717,3.7709991931915283,59.363792419433594,1.2940254112029614,-0.03654489666223526,0.0025052102937990306,9.603841536614645
sweep-bukin-v3-ratio,e0886ad76bcf457388c624cc51b0ea2b,trial019_fourier_h12_b0_f24_s17.5_lr1.4e-04_bs32,FINISHED,bukin_n20000_k3_ss8_seed42_train,fourier,601.0,31956.513671875,31348.470703125,98.0,1.1735759273782314,1.0,2520.3087962546124,13.311148086522463
sweep-ackley-v3-ratio,e131c1ca416d4e69af86516868922b01,trial061_fourier_h12_b2_f16_s1.2_lr2.2e-02_bs256,FINISHED,ackley_n20000_k3_ss5_seed42_train,fourier,1033.0,0.064276322722435,0.07331374287605286,571.4327392578125,0.01239734923332067,-0.7693282961845398,0.005230986925485341,7.744433688286544
sweep-peaks-v3-ratio,e1760e5b9cbe46d380c2f2d32e9412ec,trial046_fourier_h24_b0_f24_s28.3_lr1.4e-04_bs128,FINISHED,peaks_n20000_k3_ss5_seed42_train,fourier,1201.0,3.608273506164551,3.7383577823638916,35.62230682373047,1.1081250686385453,-0.03654048964381218,0.0016343124834279485,6.661115736885928
sweep-bukin-v3-ratio,e2c9cafb8e2246d3a3257ad8c589f8df,trial042_fourier_h12_b1_f8_s24.0_lr1.9e-03_bs128,FINISHED,bukin_n20000_k3_ss8_seed42_train,fourier,529.0,2136.533203125,2107.597900390625,70280.5,0.1395785903593254,-0.12163615971803665,12182.271218423866,15.122873345935728
sweep-franke-v3-ratio,e30b8b75c6ca4fa2816da45960d7177a,trial057_siren_h20_l3_w12_lr2.3e-04_bs128,FINISHED,franke_n20000_k3_ss4_seed42_train,siren,921.0,9.590118133928627e-05,0.00011783642548834905,700.9263305664062,0.0015239268967907923,0.33968767523765564,1.0987057714080236e-05,8.686210640608035
sweep-franke-v3-ratio,e37e8467852544b1b15e0b6a2a937a1a,trial003_fourier_h16_b0_f24_s10.6_lr1.4e-04_bs128,FINISHED,franke_n20000_k3_ss4_seed42_train,fourier,801.0,0.059400513768196106,0.05863194540143013,40.391571044921875,0.17473315367092662,-0.06509047746658325,5.6756574330398944e-05,9.987515605493133
sweep-levy-v3-ratio,e38da5a867ad4f36963030d4d3bdf4d1,trial031_fourier_h12_b2_f8_s1.1_lr4.7e-03_bs256,FINISHED,levy_n20000_k3_ss6_seed42_train,fourier,841.0,0.9683937430381775,1.2752796411514282,90860.859375,0.036948319751508286,0.746731162071228,4.927635303367582,9.512485136741974
sweep-ackley-v3-ratio,e4057116005c406882f3abe1df741937,trial003_fourier_h16_b0_f24_s10.6_lr1.4e-04_bs128,FINISHED,ackley_n20000_k3_ss5_seed42_train,fourier,801.0,6.001944065093994,6.434826850891113,314.1427001953125,1.1771496668357162,0.23742805421352386,0.038981875239558726,9.987515605493133
sweep-bukin-v3-ratio,e445b7c6d5da4d5cb719e0a61bf6cb1f,trial168_fourier_h12_b1_f16_s1.0_lr3.0e-02_bs64,FINISHED,bukin_n20000_k3_ss8_seed42_train,fourier,721.0,8.84742259979248,77.5093765258789,76794.03125,0.06185711124911594,-0.23772582411766052,1788.9279875228826,11.095700416088766
sweep-eggholder-v3-ratio,e557b20e58dd4e09b5e3346db5edda80,trial052_mlp_h12_b2_relu_lr2.5e-03_bs64,FINISHED,eggholder_n20000_k3_ss7_seed42_train,mlp,673.0,25372.060546875,24445.888671875,319779104.0,0.022107393909297585,0.5019140839576721,419793911.45503896,11.887072808320951
sweep-bukin-v3-ratio,e6824a168e214aee8df318afdc222d42,trial183_fourier_h12_b1_f16_s1.0_lr2.6e-02_bs64,FINISHED,bukin_n20000_k3_ss8_seed42_train,fourier,721.0,8.438339233398438,16.660541534423828,495164.5,0.014800857008402408,-0.9757249355316162,1374.7735182033562,11.095700416088766
sweep-ackley-v3-ratio,e78861bc769541bbacd26bc2405189af,trial015_mlp_h20_b1_gelu_lr2.6e-02_bs256,FINISHED,ackley_n20000_k3_ss5_seed42_train,mlp,921.0,0.3258213698863983,0.3504681885242462,510.044921875,0.03222650896970767,0.0852644145488739,0.006655934596376935,8.686210640608035
sweep-levy-v3-ratio,e90c635324844eab99269ae577d49086,trial003_fourier_h16_b0_f24_s10.6_lr1.4e-04_bs128,FINISHED,levy_n20000_k3_ss6_seed42_train,fourier,801.0,249.50473022460938,263.8269348144531,-56.51367950439453,1.1771496668357162,-0.04083581641316414,1.1993516865536555,9.987515605493133
sweep-bukin-v3-ratio,eb519d4c09744e4982ec0461a80fd14d,trial048_fourier_h32_b0_f8_s4.3_lr2.4e-03_bs128,FINISHED,bukin_n20000_k3_ss8_seed42_train,fourier,577.0,1119.456787109375,1063.7425537109375,8111.47314453125,1.4853807147622504,0.145536869764328,209.51726831171527,13.864818024263432
sweep-eggholder-v3-ratio,ec69144b163d4b689bdc1b3963509375,trial057_mlp_h12_b2_relu_lr2.3e-03_bs64,FINISHED,eggholder_n20000_k3_ss7_seed42_train,mlp,673.0,29775.66015625,28532.671875,85689792.0,0.044389433727599875,-0.14899040758609772,162994994.77155834,11.887072808320951
sweep-ackley-v3-ratio,ec87869b75974210bb8b14d9eb32b0a2,trial081_fourier_h12_b2_f16_s1.0_lr1.7e-02_bs256,FINISHED,ackley_n20000_k3_ss5_seed42_train,fourier,1033.0,0.06758453696966171,0.06903994083404541,651.2058715820312,0.01184699584351986,0.9141115546226501,0.005460517096113662,7.744433688286544
sweep-bukin-v3-ratio,ed9cda9c8ca5445e9c01a412a961165f,trial069_fourier_h12_b1_f12_s11.9_lr2.3e-02_bs256,FINISHED,bukin_n20000_k3_ss8_seed42_train,fourier,625.0,2215.171630859375,2166.95751953125,89085.8125,0.0762093404244498,-0.5867778062820435,6656.351250179285,12.8
sweep-bukin-v3-ratio,ef8b30d0afb74a0c9f4f6bb16b05eafd,trial156_fourier_h12_b1_f16_s1.6_lr1.9e-02_bs64,FINISHED,bukin_n20000_k3_ss8_seed42_train,fourier,721.0,40.320350646972656,55.410831451416016,69541.296875,0.04748983919222326,0.4134920835494995,1644.2443583969962,11.095700416088766
sweep-franke-v3-ratio,ef96b4439cea452780bbc87387cea844,trial018_siren_h20_l3_w25_lr1.1e-05_bs256,FINISHED,franke_n20000_k3_ss4_seed42_train,siren,921.0,0.00019092086586169899,0.00017515798390377313,7189.71533203125,0.0004679067498479432,-0.03444885089993477,1.0070231513136256e-05,8.686210640608035
sweep-eggholder-v3-ratio,efaa8da47dcf46ccaeca170733310db6,trial067_mlp_h12_b2_relu_lr1.9e-03_bs64,FINISHED,eggholder_n20000_k3_ss7_seed42_train,mlp,673.0,26745.6640625,27520.783203125,56629844.0,0.07761095335835458,-0.007237756624817848,185293675.4532426,11.887072808320951
sweep-bukin-v3-ratio,f10dd8d0400547f097c4239c666ceba6,trial066_fourier_h12_b1_f12_s6.3_lr1.3e-02_bs64,FINISHED,bukin_n20000_k3_ss8_seed42_train,fourier,625.0,988.1114501953125,1045.298828125,86817.65625,0.20536188943667708,0.3035137951374054,20140.50740897805,12.8
sweep-peaks-v3-ratio,f1b2e8863e124b509a2da84af6b1677a,trial028_siren_h24_l3_w23_lr8.0e-05_bs256,FINISHED,peaks_n20000_k3_ss5_seed42_train,siren,1297.0,0.00400032801553607,0.004149285610765219,74795.28125,0.001526386021843257,0.3386141061782837,0.00202991929755644,6.168080185042405
sweep-eggholder-v3-ratio,f3aa840840fb452badc1373ed0eb280b,trial064_mlp_h12_b2_relu_lr1.8e-03_bs64,FINISHED,eggholder_n20000_k3_ss7_seed42_train,mlp,673.0,25291.072265625,24836.52734375,106695760.0,0.05822901216279393,0.4724571108818054,293750628.2576648,11.887072808320951
sweep-bukin-v3-ratio,f4b406bada6d48e0aa071818887ea24c,trial159_fourier_h12_b1_f16_s1.7_lr2.4e-02_bs64,FINISHED,bukin_n20000_k3_ss8_seed42_train,fourier,721.0,13.596437454223633,33.417633056640625,32302.76953125,0.019721842340583034,0.9374661445617676,1475.049299541913,11.095700416088766
sweep-peaks-v3-ratio,f4c9ef514ceb44b9959de9969ca265c9,trial016_siren_h20_l3_w28_lr2.2e-04_bs128,FINISHED,peaks_n20000_k3_ss5_seed42_train,siren,921.0,0.005880856420844793,0.006624091882258654,60983.515625,0.00258590422006314,0.19220402836799622,0.012171639329429563,8.686210640608035
sweep-franke-v3-ratio,f93a3f97b31a4e9292422e7356fbcc85,trial061_siren_h20_l3_w11_lr2.7e-04_bs128,FINISHED,franke_n20000_k3_ss4_seed42_train,siren,921.0,0.00011187346535734832,0.00013652491907123476,955.5562744140625,0.0016659184203004986,-0.07654444873332977,1.3615910925667537e-05,8.686210640608035
sweep-bukin-v3-ratio,f9486b7e2697424eaa7cd672d92ade00,trial131_fourier_h12_b1_f12_s3.0_lr2.5e-02_bs64,FINISHED,bukin_n20000_k3_ss8_seed42_train,fourier,625.0,18.58625030517578,27.965709686279297,77779.015625,0.030047611186941436,-0.7871749997138977,1721.8623237949153,12.8
sweep-peaks-v3-ratio,fa63ce4aa85e4db390964d81d5594ef3,trial000_siren_h28_l2_w19_lr2.3e-05_bs128,FINISHED,peaks_n20000_k3_ss5_seed42_train,siren,925.0,0.003941146191209555,0.003949478734284639,15349.4619140625,0.0037233083334140445,0.10181441903114319,0.0010618936559145845,8.64864864864865
sweep-bukin-v3-ratio,fafd5a62105a4cf0a9109aa539ef8f51,trial074_fourier_h12_b1_f12_s3.3_lr5.9e-03_bs64,FINISHED,bukin_n20000_k3_ss8_seed42_train,fourier,625.0,310.0216979980469,341.76544189453125,351337.40625,0.08323791696628516,0.5012521147727966,9159.214242233767,12.8
sweep-levy-v3-ratio,fbedf3ca4ac948829b4ce8a5ed42ce83,trial254_mlp_h12_b2_gelu_lr8.1e-03_bs32,FINISHED,levy_n20000_k3_ss6_seed42_train,mlp,673.0,1.7657257318496704,2.390976667404175,128842.0625,0.028483360856316538,0.9320369362831116,195.18590856770427,11.887072808320951
sweep-peaks-v3-ratio,fdc6ed45e9254393828811e3601a6fca,trial057_siren_h20_l4_w28_lr4.9e-05_bs64,FINISHED,peaks_n20000_k3_ss5_seed42_train,siren,1341.0,0.004382710438221693,0.004825660027563572,93180.9921875,0.0010856248942022638,0.5012837648391724,0.015631220535131832,5.965697240865026
sweep-bukin-v3-ratio,fee4900d09a14980b2dda8c3b0a66aa4,trial154_fourier_h12_b1_f16_s1.7_lr2.2e-02_bs64,FINISHED,bukin_n20000_k3_ss8_seed42_train,fourier,721.0,30.403823852539062,40.856231689453125,83811.5546875,0.022375748427506677,-0.8935269117355347,1234.243526436506,11.095700416088766
sweep-franke-v3-ratio,ff45ec30522b47cc97b4505433d7f877,trial119_fourier_h20_b0_f12_s24.1_lr6.8e-04_bs32,FINISHED,franke_n20000_k3_ss4_seed42_train,fourier,521.0,0.08525378257036209,0.08548156172037125,5.157303810119629,0.22724266308893365,0.12046625465154648,0.00011319788217862283,15.355086372360844
sweep-bukin-v3-ratio,ff80d2be20b240dfbc884d9c478095a0,trial119_fourier_h12_b1_f12_s2.2_lr2.1e-02_bs64,FINISHED,bukin_n20000_k3_ss8_seed42_train,fourier,625.0,14.373945236206055,17.52911949157715,49130.234375,0.02249335990639774,-0.6722196340560913,924.1368318413537,12.8
