benchmark_id,candidate_id,function,num_losses,mean_best_hard_val_loss,std_best_hard_val_loss,mean_final_hard_val_loss,mean_epochs_trained,status
ackley_pilot_k5_v2_candidate_0003_20260510_011205,0003,ackley,4,0.4698454439640045,0.32049383533174264,0.4700680921475093,100.0,ok
ackley_pilot_k5_v2_candidate_0004_20260510_011718,0004,ackley,4,1.6195077300071716,1.2286132127308662,1.6207279562950134,100.0,ok
ackley_pilot_k5_v2_candidate_0005_20260510_012200,0005,ackley,4,2.1373128493626914,1.9035107213211648,2.146909753481547,95.66666666666667,ok
ackley_pilot_k5_candidate_0001_20260510_004208,,ackley,4,2.14663897951444,1.891570872086065,2.154427150885264,95.66666666666667,
ackley_pilot_k5_v2_candidate_0002_20260510_010655,0002,ackley,4,2.3027286926905313,1.4806187334472094,2.3230263789494834,94.66666666666667,ok
ackley_pilot_k5_v2_candidate_0001_20260510_010043,0001,ackley,4,3.2115629514058432,1.0228936072986312,3.225313742955526,94.0,ok
smoke_policy_benchmark,,ackley,2,18.96402931213379,0.0,18.96402931213379,2.0,
eggholder_pilot_k5_v2_candidate_0002_20260510_103840,0002,eggholder,4,38721.754557291664,6523.7466546231935,38754.006510416664,93.0,ok
eggholder_pilot_k5_v3_candidate_0007_20260510_141727,0007,eggholder,4,39984.328776041664,7135.060240786288,40082.065104166664,87.66666666666667,ok
eggholder_llm_k5_l4_canonical_v1_candidate_0012_20260513_093921,0012,eggholder,4,42680.1953125,4029.2401725603595,42790.486979166664,87.33333333333333,ok
eggholder_pilot_k5_v3_candidate_0002_20260510_135411,0002,eggholder,4,42973.4765625,4502.824134261986,43050.096354166664,93.66666666666667,ok
eggholder_llm_k5_l4_canonical_v1_candidate_0007_20260513_091223,0007,eggholder,4,47083.752604166664,6370.160082635047,47567.212239583336,76.0,ok
eggholder_pilot_k5_v2_candidate_0001_20260510_103355,0001,eggholder,4,47661.020833333336,5603.73657656665,47771.131510416664,77.66666666666667,ok
eggholder_pilot_k5_l3_v2_candidate_0015_20260511_102855,0015,eggholder,3,48420.65625,3275.518448796863,48795.463541666664,87.0,ok
eggholder_pilot_k5_l3_v2_candidate_0011_20260511_101014,0011,eggholder,3,48647.782552083336,11503.409905877903,49182.377604166664,73.0,ok
eggholder_pilot_k5_l3_v2_candidate_0020_20260511_105352,0020,eggholder,3,48948.705729166664,15077.065511481787,49097.734375,93.66666666666667,ok
eggholder_pilot_k5_v3_candidate_0003_20260510_135859,0003,eggholder,4,49010.026041666664,3579.926073691785,49243.0,74.66666666666667,ok
eggholder_pilot_k5_v2_candidate_0006_20260510_105302,0006,eggholder,4,49019.375,3621.554717288212,49228.2578125,75.66666666666667,ok
eggholder_llm_k5_l4_canonical_v1_candidate_0014_20260513_094957,0014,eggholder,4,49155.98828125,4162.788221293484,49753.33203125,73.33333333333333,ok
eggholder_pilot_k5_v2_candidate_0007_20260510_105736,0007,eggholder,4,49417.162760416664,10501.264047460469,49572.412760416664,89.33333333333333,ok
eggholder_pilot_k5_l3_v2_candidate_0009_20260511_095938,0009,eggholder,3,50016.434895833336,13897.56930071418,50993.156901041664,65.66666666666667,ok
eggholder_pilot_k5_v3_candidate_0001_20260510_134915,0001,eggholder,4,50097.184895833336,4637.01467992818,50294.3828125,84.66666666666667,ok
eggholder_pilot_k5_v3_candidate_0008_20260510_142214,0008,eggholder,4,50603.091145833336,8006.1912150964845,51019.01171875,80.66666666666667,ok
eggholder_pilot_k5_v3_candidate_0005_20260510_140756,0005,eggholder,4,51269.71484375,4765.036371963946,51427.78515625,87.33333333333333,ok
eggholder_pilot_k5_l3_v1_candidate_0001_20260510_145020,0001,eggholder,3,51598.049479166664,9411.2404769718,52717.395833333336,72.0,ok
eggholder_pilot_k5_v2_candidate_0003_20260510_104311,0003,eggholder,4,51984.677083333336,1758.1066626733889,52457.848958333336,70.66666666666667,ok
eggholder_pilot_k5_v3_candidate_0009_20260510_142653,0009,eggholder,4,52015.653645833336,4880.386447380628,52696.75390625,68.66666666666667,ok
eggholder_pilot_k5_l3_v1_candidate_0002_20260510_145444,0002,eggholder,3,52174.322916666664,5860.963534958994,52668.201822916664,78.0,ok
eggholder_pilot_k5_v2_candidate_0004_20260510_104720,0004,eggholder,4,52409.75,4994.906991039099,52701.395833333336,82.33333333333333,ok
eggholder_pilot_k5_l3_v2_candidate_0010_20260511_100456,0010,eggholder,3,52685.11328125,6825.452774762678,53240.067708333336,77.33333333333333,ok
eggholder_pilot_k5_l3_v2_candidate_0004_20260511_093431,0004,eggholder,3,52883.65234375,2301.4318640418333,53169.09765625,82.33333333333333,ok
eggholder_pilot_k5_l3_v2_candidate_0012_20260511_101503,0012,eggholder,3,52910.477864583336,11132.456056083967,53435.11328125,77.66666666666667,ok
eggholder_pilot_k5_l3_v2_candidate_0016_20260511_103406,0016,eggholder,3,52952.717447916664,4117.876379313561,53310.907552083336,88.0,ok
eggholder_llm_k5_l4_canonical_v1_candidate_0009_20260513_092324,0009,eggholder,4,53173.8046875,11078.07083012796,53366.833333333336,74.33333333333333,ok
eggholder_llm_k5_l4_canonical_v1_candidate_0010_20260513_092902,0010,eggholder,4,53313.412760416664,1031.7127122503784,53905.979166666664,56.666666666666664,ok
eggholder_pilot_k5_l3_v2_candidate_0018_20260511_104400,0018,eggholder,3,53338.904947916664,7599.3943205098885,53383.095052083336,96.0,ok
eggholder_pilot_k5_l3_v2_candidate_0001_20260511_091948,0001,eggholder,3,53380.286458333336,4167.956035436243,54042.020833333336,63.666666666666664,ok
eggholder_llm_k5_l4_canonical_v1_candidate_0016_20260513_100058,0016,eggholder,4,53674.736979166664,10525.683556781833,53903.377604166664,86.66666666666667,ok
eggholder_pilot_k5_l3_v2_candidate_0003_20260511_092920,0003,eggholder,3,53933.704427083336,3175.364745722131,54285.8984375,84.66666666666667,ok
eggholder_pilot_k5_l3_v2_candidate_0008_20260511_095420,0008,eggholder,3,54195.516927083336,9444.256150010624,54540.088541666664,89.66666666666667,ok
eggholder_pilot_k5_l3_v2_candidate_0014_20260511_102408,0014,eggholder,3,54414.197916666664,6827.597172861762,55195.56640625,74.0,ok
eggholder_pilot_k5_l3_v1_candidate_0003_20260510_145921,0003,eggholder,3,54550.645833333336,5020.396531274299,54877.125,83.66666666666667,ok
eggholder_llm_k5_l4_canonical_v1_candidate_0013_20260513_094504,0013,eggholder,4,54620.2578125,7923.863583626295,55122.8984375,69.33333333333333,ok
eggholder_pilot_k5_v2_candidate_0009_20260510_110300,0009,eggholder,4,54648.49609375,6240.180208333801,55060.600260416664,69.33333333333333,ok
eggholder_pilot_k5_l3_v2_candidate_0007_20260511_094921,0007,eggholder,3,54692.567708333336,13925.865625404864,55943.5625,66.66666666666667,ok
eggholder_pilot_k5_l3_v2_candidate_0017_20260511_103913,0017,eggholder,3,54828.2109375,6155.321816306817,55257.604166666664,71.66666666666667,ok
eggholder_llm_k5_l4_canonical_v1_candidate_0006_20260513_090640,0006,eggholder,4,55221.809895833336,4316.902669368711,55412.352864583336,86.0,ok
eggholder_pilot_k5_l3_v1_candidate_0005_20260510_150418,0005,eggholder,3,55306.848958333336,7879.2259595148735,55539.473958333336,74.0,ok
eggholder_llm_k5_l4_canonical_v1_candidate_0008_20260513_091755,0008,eggholder,4,56429.588541666664,7932.912541702491,57279.266927083336,63.333333333333336,ok
eggholder_llm_k5_l4_canonical_v1_candidate_0015_20260513_095529,0015,eggholder,4,57020.430989583336,9665.699254051235,57438.563802083336,69.66666666666667,ok
eggholder_pilot_k5_l3_v2_candidate_0006_20260511_094448,0006,eggholder,3,57872.479166666664,1184.226216796156,58721.018229166664,66.33333333333333,ok
eggholder_pilot_k5_l3_v2_candidate_0002_20260511_092432,0002,eggholder,3,58209.044270833336,5867.820146066561,59182.942708333336,58.0,ok
eggholder_pilot_k5_v3_candidate_0006_20260510_141258,0006,eggholder,4,58446.282552083336,1249.5308287007201,58779.532552083336,72.33333333333333,ok
eggholder_pilot_k5_l3_v2_candidate_0019_20260511_104923,0019,eggholder,3,59050.091145833336,4010.360035366438,60001.96484375,60.333333333333336,ok
eggholder_pilot_k5_l3_v2_candidate_0005_20260511_094001,0005,eggholder,3,60790.069010416664,8520.925715677067,61225.264322916664,66.66666666666667,ok
eggholder_pilot_k5_v3_candidate_0010_20260510_143107,0010,eggholder,4,62320.45703125,9469.779928310645,62503.03515625,79.33333333333333,ok
eggholder_pilot_k5_v3_candidate_0004_20260510_140352,0004,eggholder,4,62780.869791666664,2778.932136579753,63306.084635416664,53.0,ok
eggholder_llm_k5_l4_canonical_v1_candidate_0011_20260513_093403,0011,eggholder,4,62980.727864583336,6640.7442497261045,63792.06640625,73.0,ok
eggholder_pilot_k5_l3_v2_candidate_0013_20260511_101957,0013,eggholder,3,66750.54296875,1421.585008170571,68384.79166666667,50.333333333333336,ok
