"Authors","Author full names","Author(s) ID","Title","Year","Source title","Volume","Issue","Art. No.","Page start","Page end","Cited by","DOI","Link","Document Type","Publication Stage","Open Access","Source","EID","Chosen"
"Guo, Y.; Ai, X.; Guo, M.; Cheng, S.","Guo, Yanjun (57330698300); Ai, Xinbo (55813316100); Guo, Mingxiu (60124349500); Cheng, Shaoyang (60077022900)","57330698300; 55813316100; 60124349500; 60077022900","Automatic perception of potential safety hazards: A cross-modal multi-task framework for feature alignment, image classification and captioning","2026","Advanced Engineering Informatics","69","","103919","","","0","10.1016/j.aei.2025.103919","https://www.scopus.com/inward/record.uri?eid=2-s2.0-105017736653&doi=10.1016%2Fj.aei.2025.103919&partnerID=40&md5=777ee0e431c47a08eed37597aa27caf1","Article","Final","","Scopus","2-s2.0-105017736653",False
"Atamni, N.; Madi, B.; Bordman, S.; Vasyutinsky-Shapira, D.V.; Rabaev, I.; El-Sana, J.","Atamni, Nour (58558005100); Madi, Boraq (57219761909); Bordman, Shoshana (60112510200); Vasyutinsky-Shapira, Daria (57219900021); Rabaev, Irina (53865434500); El-Sana, Jihad A. (6603056280)","58558005100; 57219761909; 60112510200; 57219900021; 53865434500; 6603056280","Multi-task Learning for Hebrew Paleography: Script Classification and Date Estimation","2026","Lecture Notes in Computer Science","16027 LNCS","","","79","97","0","10.1007/978-3-032-04630-7_5","https://www.scopus.com/inward/record.uri?eid=2-s2.0-105016904249&doi=10.1007%2F978-3-032-04630-7_5&partnerID=40&md5=071455e7cf042bc05896a754ef96db15","Conference paper","Final","","Scopus","2-s2.0-105016904249",False
"Dagnaw, G.H.; Zhu, Y.; Maqsood, M.H.; Yin, X.; Liew, A.W.-C.","Dagnaw, Getamesay Haile (58754640600); Zhu, Yanming (57192103810); Maqsood, Muhammad Hassan (57351290400); Yin, Xuefei (57192101850); Liew, Alan Wee Chung (7005648281)","58754640600; 57192103810; 57351290400; 57192101850; 7005648281","Explainable multimodal hematology analysis for white blood cell classification and attribute prediction","2025","Computers in Biology and Medicine","196","","110734","","","0","10.1016/j.compbiomed.2025.110734","https://www.scopus.com/inward/record.uri?eid=2-s2.0-105012229178&doi=10.1016%2Fj.compbiomed.2025.110734&partnerID=40&md5=fd3ded8c5f5ab31d3f8b50816ebc9196","Article","Final","All Open Access; Hybrid Gold Open Access","Scopus","2-s2.0-105012229178",False
"Yuan, L.; Zhou, H.-B.; Li, J.-Y.; Liu, L.; Gu, X.-C.; Zhao, Y.-N.","Yuan, Li (8452570000); Zhou, Hebin (59918807700); Li, Jiangyun (27170441000); Liu, Li (57930576300); Gu, Xiao Chai (59918337700); Zhao, Yanan (57213968756)","8452570000; 59918807700; 27170441000; 57930576300; 59918337700; 57213968756","Symmetry Alignment–Feature Interaction Network for Human Ear Similarity Detection and Authentication †","2025","Symmetry","17","5","654","","","1","10.3390/sym17050654","https://www.scopus.com/inward/record.uri?eid=2-s2.0-105006819963&doi=10.3390%2Fsym17050654&partnerID=40&md5=40dacb2e4a303a3836a78591c1bf8e20","Article","Final","All Open Access; Gold Open Access","Scopus","2-s2.0-105006819963",False
"Kadlec, P.; Čapek, M.","Kadlec, Petr (55628590839); Čapek, Miloslav (24824101600)","55628590839; 24824101600","Multi-objective Memetic Algorithm with Adaptive Weights for Inverse Antenna Design","2025","IEEE Transactions on Antennas and Propagation","","","","","","1","10.1109/TAP.2025.3584518","https://www.scopus.com/inward/record.uri?eid=2-s2.0-105010344820&doi=10.1109%2FTAP.2025.3584518&partnerID=40&md5=82503f342fa837606409bdda5f275c24","Article","aip","","Scopus","2-s2.0-105010344820",False
"Zou, M.; Yu, B.; Zhan, Y.; Lyu, S.; Ma, K.","Zou, Mian (57221976157); Yu, Baosheng (57192112952); Zhan, Yibing (56100491900); Lyu, Siwei (8727557200); Ma, Kede (55624220200)","57221976157; 57192112952; 56100491900; 8727557200; 55624220200","Semantics-Oriented Multitask Learning for DeepFake Detection: A Joint Embedding Approach","2025","IEEE Transactions on Circuits and Systems for Video Technology","35","10","","9950","9963","1","10.1109/TCSVT.2025.3572508","https://www.scopus.com/inward/record.uri?eid=2-s2.0-105006001564&doi=10.1109%2FTCSVT.2025.3572508&partnerID=40&md5=32892fa9b36f5d3ae5bf9c19a0eb410a","Article","Final","","Scopus","2-s2.0-105006001564",False
"Setiyadi, Y.; Santoso, J.; Surendro, K.","Setiyadi, Yaya (56532509700); Santoso, Judhi (53264786200); Surendro, Kridanto (6507613469)","56532509700; 53264786200; 6507613469","Comparison of Loss Function Weighting Methods for Multi-Loss Function GAN","2024","","","","","","","0","10.1109/ICIC64337.2024.10957579","https://www.scopus.com/inward/record.uri?eid=2-s2.0-105004579467&doi=10.1109%2FICIC64337.2024.10957579&partnerID=40&md5=f4e57bd9bf311f9462aa7cd41bb0549b","Conference paper","Final","","Scopus","2-s2.0-105004579467",False
"Wang, D.; Zhang, T.; Yuan, C.; Wang, X.","Wang, Deyuan (58706241200); Zhang, Tiantian (58738159200); Yuan, Caixia (37056632700); Wang, Xiaojie (35235644100)","58706241200; 58738159200; 37056632700; 35235644100","Joint Modeling for ASR Correction and Dialog State Tracking","2023","Proceedings - ICASSP, IEEE International Conference on Acoustics, Speech and Signal Processing","2023-June","","","","","2","10.1109/ICASSP49357.2023.10095945","https://www.scopus.com/inward/record.uri?eid=2-s2.0-85177604860&doi=10.1109%2FICASSP49357.2023.10095945&partnerID=40&md5=2da6a04d5b0a768465f9b9cadc0137ec","Conference paper","Final","","Scopus","2-s2.0-85177604860",True
"Rohrhofer, F.M.; Posch, S.; Gobnitzer, C.; Geiger, B.C.","Rohrhofer, Franz M. (57222238812); Posch, Stefan (6602338394); Gobnitzer, Clemens (58558802300); Geiger, Bernhard C. (57195470728)","57222238812; 6602338394; 58558802300; 57195470728","Data vs. Physics: The Apparent Pareto Front of Physics-Informed Neural Networks","2023","IEEE Access","11","","","86252","86261","17","10.1109/ACCESS.2023.3302892","https://www.scopus.com/inward/record.uri?eid=2-s2.0-85167812124&doi=10.1109%2FACCESS.2023.3302892&partnerID=40&md5=829fba5adc017672c7ae7fecd09882c5","Article","Final","All Open Access; Gold Open Access","Scopus","2-s2.0-85167812124",False
"Mozaffari, S.; Arnold, E.; Dianati, M.; Fallah, S.","Mozaffari, Sajjad (57219585131); Arnold, Eduardo H. (57211023741); Dianati, Mehrdad (8930535800); Fallah, Saber (57212012224)","57219585131; 57211023741; 8930535800; 57212012224","Early Lane Change Prediction for Automated Driving Systems Using Multi-Task Attention-Based Convolutional Neural Networks","2022","IEEE Transactions on Intelligent Vehicles","7","3","","758","770","63","10.1109/TIV.2022.3161785","https://www.scopus.com/inward/record.uri?eid=2-s2.0-85127044415&doi=10.1109%2FTIV.2022.3161785&partnerID=40&md5=7e2f0f85d46541d0f08aa03ead2e855e","Article","Final","All Open Access; Green Accepted Open Access; Green Open Access","Scopus","2-s2.0-85127044415",True
"Hervella, Á.S.; Rouco, J.; Novo, J.; Ortega, M.","Hervella, Alvaro S. (57204014400); Rouco, José (23475243900); Novo, Jorge (57695901400); Ortega, Marcos (24475406900)","57204014400; 23475243900; 57695901400; 24475406900","End-to-end multi-task learning for simultaneous optic disc and cup segmentation and glaucoma classification in eye fundus images","2022","Applied Soft Computing","116","","108347","","","73","10.1016/j.asoc.2021.108347","https://www.scopus.com/inward/record.uri?eid=2-s2.0-85122186820&doi=10.1016%2Fj.asoc.2021.108347&partnerID=40&md5=8f815f3b97a293791d96a13583682f2b","Article","Final","All Open Access; Green Accepted Open Access; Green Open Access; Hybrid Gold Open Access","Scopus","2-s2.0-85122186820",False
"de Lhoneux, M.; Zhang, S.; Sogaard, A.","de Lhoneux, Miryam (57193355196); Zhang, Sheng (57211157782); Sogaard, Anders (24336006300)","57193355196; 57211157782; 24336006300","Zero-Shot Dependency Parsing with Worst-Case Aware Automated Curriculum Learning","2022","Proceedings of the Annual Meeting of the Association for Computational Linguistics","2","","","578","587","12","10.18653/v1/2022.acl-short.64","https://www.scopus.com/inward/record.uri?eid=2-s2.0-85127763115&doi=10.18653%2Fv1%2F2022.acl-short.64&partnerID=40&md5=02602eee56e3f6b2ce77960591111b4a","Conference paper","Final","All Open Access; Gold Open Access; Green Accepted Open Access; Green Open Access","Scopus","2-s2.0-85127763115",True
"Chennupati, S.; Sistu, G.; Yogamani, S.; Rawashdeh, S.","Chennupati, Sumanth Kumar (57194194507); Sistu, Ganesh (57204978122); Yogamani, Senthil Kumar (55612733500); Rawashdeh, Samir A. (36117077000)","57194194507; 57204978122; 55612733500; 36117077000","AuxNet: Auxiliary tasks enhanced semantic segmentation for automated driving","2019","","5","","","645","652","27","10.5220/0007684106450652","https://www.scopus.com/inward/record.uri?eid=2-s2.0-85068514545&doi=10.5220%2F0007684106450652&partnerID=40&md5=bc1d003427d17cb9eb28b8ec5a4af7ce","Conference paper","Final","All Open Access; Gold Open Access; Green Accepted Open Access; Green Open Access","Scopus","2-s2.0-85068514545",False
"Yin, X.; Liu, X.","Yin, Xi (56288395400); Liu, Xiaoming (35793096800)","56288395400; 35793096800","Multi-Task Convolutional Neural Network for Pose-Invariant Face Recognition","2018","IEEE Transactions on Image Processing","27","2","8080244","964","975","273","10.1109/TIP.2017.2765830","https://www.scopus.com/inward/record.uri?eid=2-s2.0-85032455104&doi=10.1109%2FTIP.2017.2765830&partnerID=40&md5=c28ad1cd55cae33b8617aa974d9ea8fe","Article","Final","All Open Access; Green Accepted Open Access; Green Open Access","Scopus","2-s2.0-85032455104",False
"Hassani, K.; Lee, W.-S.","Hassani, Kaveh (36188267400); Lee, Wonsook (57203094498)","36188267400; 57203094498","Multi-objective design of state feedback controllers using reinforced quantum-behaved particle swarm optimization","2016","Applied Soft Computing","41","","","66","76","46","10.1016/j.asoc.2015.12.024","https://www.scopus.com/inward/record.uri?eid=2-s2.0-84953888885&doi=10.1016%2Fj.asoc.2015.12.024&partnerID=40&md5=6ebe800a85f459aea99942fe35e3b84a","Article","Final","All Open Access; Green Accepted Open Access; Green Open Access","Scopus","2-s2.0-84953888885",False
"Izui, K.; Yamada, T.; Nishiwaki, S.; Tanaka, K.","Izui, Kazuhiro (7005455636); Yamada, Takayuki (55490858800); Nishiwaki, Shinji (7005352221); Tanaka, Kazuto (55850702200)","7005455636; 55490858800; 7005352221; 55850702200","Multiobjective optimization using an aggregative gradient-based method","2015","Structural and Multidisciplinary Optimization","51","1","","173","182","31","10.1007/s00158-014-1125-8","https://www.scopus.com/inward/record.uri?eid=2-s2.0-84924223375&doi=10.1007%2Fs00158-014-1125-8&partnerID=40&md5=28830f19da341636f09772a1fe31786a","Article","Final","","Scopus","2-s2.0-84924223375",False
"Izui, K.; Nishiwaki, S.; Yoshimura, M.; Nakamura, M.; Renaud, J.E.","Izui, Kazuhiro (7005455636); Nishiwaki, Shinji (7005352221); Yoshimura, Masataka (55040643200); Nakamura, Masahiko (56984230800); Renaud, John E. (57206418336)","7005455636; 7005352221; 55040643200; 56984230800; 57206418336","Enhanced multiobjective particle swarm optimization in combination with adaptive weighted gradient-based searching","2008","Engineering Optimization","40","9","","789","804","20","10.1080/03052150802046247","https://www.scopus.com/inward/record.uri?eid=2-s2.0-49749110448&doi=10.1080%2F03052150802046247&partnerID=40&md5=7f52c6052abff264b172ea9f2eae74e0","Article","Final","","Scopus","2-s2.0-49749110448",False
